ticket_id,user_id,num_tickets,payment_method,booking_time,ip_address,is_fraud
Ticket_4962,1,3,debit_card,2025-03-14T10:36:54,192.168.1.1,0
Ticket_3183,1,4,debit_card,2025-03-17T10:36:54,192.168.1.18,1
Ticket_2605,1,3,debit_card,2025-03-17T10:36:54,192.168.1.3,0
Ticket_7292,1,6,paypal,2025-02-24T10:36:54,192.168.1.18,0
Ticket_8768,1,6,paypal,2025-03-17T10:36:54,192.168.1.16,0
Ticket_7555,1,5,debit_card,2025-03-06T10:36:54,192.168.1.3,0
Ticket_7328,1,5,debit_card,2025-03-09T10:36:54,192.168.1.8,1
Ticket_5102,1,10,paypal,2025-02-25T10:36:54,192.168.1.12,0
Ticket_7062,1,2,debit_card,2025-02-20T10:36:54,192.168.1.10,0
Ticket_7469,1,2,debit_card,2025-02-23T10:36:54,192.168.1.16,0
Ticket_1821,1,10,debit_card,2025-03-12T10:36:54,192.168.1.4,0
Ticket_6245,1,2,paypal,2025-02-25T10:36:54,192.168.1.11,1
Ticket_4876,1,5,credit_card,2025-03-03T10:36:54,192.168.1.10,0
Ticket_9508,1,7,debit_card,2025-02-20T10:36:54,192.168.1.20,1
Ticket_1743,1,10,credit_card,2025-03-21T10:36:54,192.168.1.9,0
Ticket_3005,1,5,paypal,2025-02-26T10:36:54,192.168.1.16,0
Ticket_1210,1,2,credit_card,2025-03-09T10:36:54,192.168.1.14,1
Ticket_7331,1,9,credit_card,2025-02-28T10:36:54,192.168.1.2,0
Ticket_5940,1,6,debit_card,2025-03-01T10:36:54,192.168.1.8,0
Ticket_4588,1,6,credit_card,2025-03-08T10:36:54,192.168.1.16,0
Ticket_1561,1,9,credit_card,2025-03-09T10:36:54,192.168.1.8,0
Ticket_1652,1,3,credit_card,2025-03-18T10:36:54,192.168.1.13,1
Ticket_7810,1,2,debit_card,2025-03-16T10:36:54,192.168.1.13,0
Ticket_4197,1,5,debit_card,2025-02-27T10:36:54,192.168.1.13,1
Ticket_6877,1,10,credit_card,2025-02-23T10:36:54,192.168.1.15,0
Ticket_5704,1,3,credit_card,2025-03-09T10:36:54,192.168.1.1,0
Ticket_4604,1,2,credit_card,2025-03-12T10:36:54,192.168.1.12,0
Ticket_1547,1,10,credit_card,2025-03-15T10:36:54,192.168.1.10,0
Ticket_3140,1,6,paypal,2025-03-14T10:36:54,192.168.1.6,0
Ticket_6928,1,6,debit_card,2025-03-17T10:36:54,192.168.1.17,0
Ticket_2144,1,10,paypal,2025-03-09T10:36:54,192.168.1.4,0
Ticket_9676,1,10,credit_card,2025-03-18T10:36:54,192.168.1.16,1
Ticket_9109,1,10,paypal,2025-02-26T10:36:54,192.168.1.6,0
Ticket_1510,1,6,credit_card,2025-02-23T10:36:54,192.168.1.12,1
Ticket_4448,1,1,debit_card,2025-03-02T10:36:54,192.168.1.8,1
Ticket_8557,1,3,credit_card,2025-03-15T10:36:54,192.168.1.14,0
Ticket_6605,1,4,debit_card,2025-03-08T10:36:54,192.168.1.6,0
Ticket_1859,1,2,paypal,2025-03-06T10:36:54,192.168.1.4,0
Ticket_6151,1,8,debit_card,2025-03-11T10:36:54,192.168.1.10,0
Ticket_7472,1,8,paypal,2025-02-20T10:36:54,192.168.1.5,1
Ticket_7270,2,8,debit_card,2025-03-03T10:36:54,192.168.1.19,1
Ticket_8713,2,8,debit_card,2025-02-28T10:36:54,192.168.1.12,1
Ticket_2670,2,8,paypal,2025-02-21T10:36:54,192.168.1.16,0
Ticket_6223,2,7,credit_card,2025-03-02T10:36:54,192.168.1.14,1
Ticket_9255,2,6,paypal,2025-03-10T10:36:54,192.168.1.10,0
Ticket_9207,2,3,debit_card,2025-03-13T10:36:54,192.168.1.5,0
Ticket_3526,2,3,credit_card,2025-03-13T10:36:54,192.168.1.6,0
Ticket_7334,2,10,credit_card,2025-03-03T10:36:54,192.168.1.16,0
Ticket_1545,2,9,debit_card,2025-03-12T10:36:54,192.168.1.9,0
Ticket_9773,2,5,debit_card,2025-02-20T10:36:54,192.168.1.1,0
Ticket_2721,2,8,paypal,2025-03-09T10:36:54,192.168.1.6,0
Ticket_2077,2,1,paypal,2025-02-27T10:36:54,192.168.1.19,0
Ticket_8114,2,4,paypal,2025-03-09T10:36:54,192.168.1.10,1
Ticket_2704,2,5,paypal,2025-03-02T10:36:54,192.168.1.10,0
Ticket_4258,2,2,debit_card,2025-03-04T10:36:54,192.168.1.8,0
Ticket_5132,2,6,debit_card,2025-03-16T10:36:54,192.168.1.15,1
Ticket_7987,2,7,debit_card,2025-02-28T10:36:54,192.168.1.6,1
Ticket_4650,2,6,paypal,2025-02-21T10:36:54,192.168.1.4,0
Ticket_6569,2,2,credit_card,2025-02-22T10:36:54,192.168.1.12,0
Ticket_4615,2,4,paypal,2025-03-09T10:36:54,192.168.1.12,0
Ticket_1415,2,9,debit_card,2025-03-01T10:36:54,192.168.1.15,0
Ticket_4861,2,8,debit_card,2025-02-23T10:36:54,192.168.1.4,0
Ticket_2747,2,3,paypal,2025-03-17T10:36:54,192.168.1.8,1
Ticket_8856,2,2,debit_card,2025-03-03T10:36:54,192.168.1.12,1
Ticket_4481,2,9,credit_card,2025-03-11T10:36:54,192.168.1.4,0
Ticket_1022,2,4,paypal,2025-03-16T10:36:54,192.168.1.6,0
Ticket_4860,2,3,debit_card,2025-02-22T10:36:54,192.168.1.11,0
Ticket_4766,2,7,credit_card,2025-03-01T10:36:54,192.168.1.13,0
Ticket_9455,2,5,paypal,2025-03-13T10:36:54,192.168.1.8,1
Ticket_7625,2,2,credit_card,2025-03-17T10:36:54,192.168.1.2,1
Ticket_1979,2,5,debit_card,2025-03-17T10:36:54,192.168.1.14,0
Ticket_5041,2,10,credit_card,2025-03-08T10:36:54,192.168.1.2,0
Ticket_4821,2,1,paypal,2025-03-02T10:36:54,192.168.1.11,0
Ticket_8780,2,10,debit_card,2025-03-11T10:36:54,192.168.1.9,0
Ticket_7880,2,1,debit_card,2025-03-06T10:36:54,192.168.1.12,0
Ticket_9758,2,8,debit_card,2025-02-21T10:36:54,192.168.1.9,0
Ticket_2253,2,4,debit_card,2025-03-19T10:36:54,192.168.1.6,0
Ticket_3082,2,8,debit_card,2025-02-28T10:36:54,192.168.1.5,0
Ticket_1082,2,8,credit_card,2025-03-07T10:36:54,192.168.1.20,0
Ticket_1695,2,1,paypal,2025-02-26T10:36:54,192.168.1.13,0
Ticket_5035,3,5,debit_card,2025-03-14T10:36:54,192.168.1.8,0
Ticket_8660,3,10,debit_card,2025-02-25T10:36:54,192.168.1.17,0
Ticket_1637,3,5,paypal,2025-03-13T10:36:54,192.168.1.14,0
Ticket_3947,3,10,debit_card,2025-02-26T10:36:54,192.168.1.15,0
Ticket_8792,3,5,paypal,2025-02-22T10:36:54,192.168.1.17,0
Ticket_2363,3,10,debit_card,2025-03-17T10:36:54,192.168.1.20,0
Ticket_4823,3,9,debit_card,2025-03-12T10:36:54,192.168.1.2,0
Ticket_7550,3,5,paypal,2025-02-22T10:36:54,192.168.1.14,1
Ticket_1737,3,3,paypal,2025-02-27T10:36:54,192.168.1.2,0
Ticket_7284,3,10,credit_card,2025-03-13T10:36:54,192.168.1.3,0
Ticket_8230,3,1,credit_card,2025-03-02T10:36:54,192.168.1.3,0
Ticket_8730,3,10,debit_card,2025-03-20T10:36:54,192.168.1.1,0
Ticket_3912,3,4,credit_card,2025-03-05T10:36:54,192.168.1.17,0
Ticket_5940,3,5,paypal,2025-02-25T10:36:54,192.168.1.14,0
Ticket_8907,3,8,debit_card,2025-03-08T10:36:54,192.168.1.11,0
Ticket_9653,3,6,debit_card,2025-03-05T10:36:54,192.168.1.13,1
Ticket_9881,3,2,credit_card,2025-03-10T10:36:54,192.168.1.12,0
Ticket_2754,3,8,paypal,2025-02-20T10:36:54,192.168.1.4,0
Ticket_4526,3,6,debit_card,2025-03-20T10:36:54,192.168.1.5,0
Ticket_9851,3,4,debit_card,2025-03-11T10:36:54,192.168.1.8,0
Ticket_2836,3,9,paypal,2025-03-14T10:36:54,192.168.1.18,0
Ticket_4015,3,9,paypal,2025-02-25T10:36:54,192.168.1.15,0
Ticket_7217,3,4,credit_card,2025-03-05T10:36:54,192.168.1.10,0
Ticket_5774,3,2,debit_card,2025-03-08T10:36:54,192.168.1.3,0
Ticket_4950,3,6,credit_card,2025-03-15T10:36:54,192.168.1.8,0
Ticket_7765,3,3,paypal,2025-03-13T10:36:54,192.168.1.8,0
Ticket_2554,3,2,debit_card,2025-03-12T10:36:54,192.168.1.18,0
Ticket_6189,3,9,paypal,2025-03-20T10:36:54,192.168.1.13,0
Ticket_6854,3,6,credit_card,2025-03-08T10:36:54,192.168.1.5,0
Ticket_8348,3,2,debit_card,2025-03-09T10:36:54,192.168.1.18,0
Ticket_2696,3,7,debit_card,2025-03-09T10:36:54,192.168.1.19,1
Ticket_8807,3,4,debit_card,2025-03-09T10:36:54,192.168.1.19,0
Ticket_9308,3,3,debit_card,2025-03-06T10:36:54,192.168.1.20,0
Ticket_4835,3,6,credit_card,2025-02-26T10:36:54,192.168.1.4,1
Ticket_1625,3,6,debit_card,2025-02-24T10:36:54,192.168.1.9,0
Ticket_8745,3,7,credit_card,2025-03-03T10:36:54,192.168.1.5,0
Ticket_1048,3,7,debit_card,2025-03-08T10:36:54,192.168.1.7,0
Ticket_6253,3,10,credit_card,2025-03-20T10:36:54,192.168.1.14,0
Ticket_4011,3,5,paypal,2025-03-10T10:36:54,192.168.1.6,0
Ticket_8498,3,10,credit_card,2025-02-24T10:36:54,192.168.1.19,0
Ticket_8650,4,10,debit_card,2025-03-02T10:36:54,192.168.1.11,0
Ticket_4720,4,6,debit_card,2025-03-16T10:36:54,192.168.1.8,0
Ticket_7731,4,10,debit_card,2025-03-07T10:36:54,192.168.1.15,1
Ticket_4331,4,2,debit_card,2025-03-01T10:36:54,192.168.1.3,1
Ticket_2393,4,1,credit_card,2025-03-18T10:36:54,192.168.1.13,0
Ticket_4271,4,4,credit_card,2025-03-18T10:36:54,192.168.1.2,1
Ticket_7726,4,9,debit_card,2025-02-26T10:36:54,192.168.1.12,0
Ticket_1900,4,4,debit_card,2025-03-12T10:36:54,192.168.1.14,0
Ticket_4153,4,4,paypal,2025-03-15T10:36:54,192.168.1.6,0
Ticket_8642,4,7,credit_card,2025-03-16T10:36:54,192.168.1.15,0
Ticket_9576,4,8,credit_card,2025-03-13T10:36:54,192.168.1.16,1
Ticket_3365,4,4,credit_card,2025-03-17T10:36:54,192.168.1.12,0
Ticket_7174,4,3,debit_card,2025-03-10T10:36:54,192.168.1.14,0
Ticket_6534,4,7,credit_card,2025-03-17T10:36:54,192.168.1.13,0
Ticket_4185,4,4,credit_card,2025-02-28T10:36:54,192.168.1.1,0
Ticket_9509,4,10,credit_card,2025-03-16T10:36:54,192.168.1.11,0
Ticket_1956,4,6,debit_card,2025-03-17T10:36:54,192.168.1.10,0
Ticket_3274,4,4,debit_card,2025-02-28T10:36:54,192.168.1.14,0
Ticket_1631,4,4,debit_card,2025-03-18T10:36:54,192.168.1.2,0
Ticket_5232,4,9,debit_card,2025-03-22T10:36:54,192.168.1.18,0
Ticket_5074,4,9,debit_card,2025-03-10T10:36:54,192.168.1.8,1
Ticket_4135,4,7,credit_card,2025-02-24T10:36:54,192.168.1.20,0
Ticket_2021,4,5,debit_card,2025-03-08T10:36:54,192.168.1.5,0
Ticket_4489,4,4,paypal,2025-03-12T10:36:54,192.168.1.19,0
Ticket_3930,4,10,paypal,2025-03-05T10:36:54,192.168.1.10,1
Ticket_3484,4,8,credit_card,2025-03-04T10:36:54,192.168.1.3,0
Ticket_1226,4,8,credit_card,2025-02-21T10:36:54,192.168.1.1,0
Ticket_1154,4,4,paypal,2025-02-20T10:36:54,192.168.1.6,1
Ticket_6037,4,6,credit_card,2025-03-01T10:36:54,192.168.1.1,0
Ticket_4792,4,6,credit_card,2025-03-08T10:36:54,192.168.1.15,0
Ticket_9286,4,7,paypal,2025-02-25T10:36:54,192.168.1.2,0
Ticket_8588,4,4,credit_card,2025-03-13T10:36:54,192.168.1.8,0
Ticket_7860,4,1,credit_card,2025-03-14T10:36:54,192.168.1.15,0
Ticket_5408,4,1,debit_card,2025-02-25T10:36:54,192.168.1.2,0
Ticket_1976,4,5,debit_card,2025-03-17T10:36:54,192.168.1.15,0
Ticket_8272,4,9,credit_card,2025-03-16T10:36:54,192.168.1.17,1
Ticket_5502,4,6,paypal,2025-03-02T10:36:54,192.168.1.10,0
Ticket_1817,4,1,paypal,2025-03-01T10:36:54,192.168.1.13,0
Ticket_5300,4,2,credit_card,2025-02-20T10:36:54,192.168.1.16,1
Ticket_6374,4,5,debit_card,2025-03-05T10:36:54,192.168.1.20,1
Ticket_2508,5,1,credit_card,2025-02-27T10:36:54,192.168.1.17,0
Ticket_5127,5,6,debit_card,2025-03-19T10:36:54,192.168.1.1,1
Ticket_7343,5,6,paypal,2025-03-03T10:36:54,192.168.1.12,0
Ticket_7218,5,3,credit_card,2025-03-01T10:36:54,192.168.1.13,0
Ticket_8286,5,10,paypal,2025-03-08T10:36:54,192.168.1.9,0
Ticket_1058,5,2,debit_card,2025-03-18T10:36:54,192.168.1.14,0
Ticket_1884,5,2,paypal,2025-03-09T10:36:54,192.168.1.20,1
Ticket_1323,5,4,debit_card,2025-03-03T10:36:54,192.168.1.2,0
Ticket_4806,5,4,debit_card,2025-03-20T10:36:54,192.168.1.14,1
Ticket_2652,5,5,debit_card,2025-03-02T10:36:54,192.168.1.5,0
Ticket_4323,5,9,debit_card,2025-02-20T10:36:54,192.168.1.8,1
Ticket_7162,5,10,debit_card,2025-02-28T10:36:54,192.168.1.4,0
Ticket_1096,5,8,debit_card,2025-03-01T10:36:54,192.168.1.16,0
Ticket_4345,5,5,paypal,2025-03-19T10:36:54,192.168.1.13,0
Ticket_4548,5,10,credit_card,2025-03-09T10:36:54,192.168.1.17,1
Ticket_6209,5,7,credit_card,2025-03-20T10:36:54,192.168.1.8,0
Ticket_8038,5,1,debit_card,2025-03-08T10:36:54,192.168.1.5,0
Ticket_7397,5,7,credit_card,2025-03-03T10:36:54,192.168.1.2,0
Ticket_1616,5,1,debit_card,2025-03-17T10:36:54,192.168.1.12,0
Ticket_5036,5,10,paypal,2025-03-20T10:36:54,192.168.1.10,0
Ticket_7570,5,4,credit_card,2025-03-01T10:36:54,192.168.1.15,1
Ticket_7294,5,8,credit_card,2025-03-04T10:36:54,192.168.1.18,0
Ticket_3931,5,9,paypal,2025-03-14T10:36:54,192.168.1.2,0
Ticket_2947,5,4,debit_card,2025-03-08T10:36:54,192.168.1.8,0
Ticket_5257,5,6,credit_card,2025-02-23T10:36:54,192.168.1.13,1
Ticket_8543,5,4,paypal,2025-03-09T10:36:54,192.168.1.19,0
Ticket_3452,5,7,debit_card,2025-02-23T10:36:54,192.168.1.1,0
Ticket_8348,5,7,debit_card,2025-03-16T10:36:54,192.168.1.12,1
Ticket_3300,5,3,paypal,2025-02-22T10:36:54,192.168.1.2,0
Ticket_5207,5,4,paypal,2025-02-22T10:36:54,192.168.1.2,0
Ticket_3340,5,2,paypal,2025-03-19T10:36:54,192.168.1.2,0
Ticket_4546,5,4,debit_card,2025-03-10T10:36:54,192.168.1.1,0
Ticket_6476,5,2,paypal,2025-03-11T10:36:54,192.168.1.1,0
Ticket_7475,5,2,paypal,2025-03-22T10:36:54,192.168.1.14,0
Ticket_7509,5,1,credit_card,2025-03-14T10:36:54,192.168.1.5,0
Ticket_5156,5,6,paypal,2025-02-25T10:36:54,192.168.1.14,0
Ticket_7063,5,8,credit_card,2025-02-27T10:36:54,192.168.1.10,0
Ticket_4665,5,8,paypal,2025-02-23T10:36:54,192.168.1.5,0
Ticket_4685,5,4,credit_card,2025-03-18T10:36:54,192.168.1.13,0
Ticket_7952,5,3,credit_card,2025-03-01T10:36:54,192.168.1.18,1
Ticket_8250,6,6,credit_card,2025-03-10T10:36:54,192.168.1.13,0
Ticket_9221,6,3,paypal,2025-03-06T10:36:54,192.168.1.9,0
Ticket_7000,6,10,credit_card,2025-03-17T10:36:54,192.168.1.11,1
Ticket_1717,6,6,debit_card,2025-03-08T10:36:54,192.168.1.1,0
Ticket_1099,6,3,credit_card,2025-03-20T10:36:54,192.168.1.4,1
Ticket_1111,6,5,debit_card,2025-03-17T10:36:54,192.168.1.7,0
Ticket_6419,6,10,debit_card,2025-03-17T10:36:54,192.168.1.7,0
Ticket_1793,6,4,paypal,2025-02-22T10:36:54,192.168.1.7,0
Ticket_8946,6,3,debit_card,2025-03-20T10:36:54,192.168.1.16,0
Ticket_5449,6,4,paypal,2025-02-23T10:36:54,192.168.1.10,1
Ticket_7181,6,3,credit_card,2025-03-13T10:36:54,192.168.1.15,1
Ticket_3988,6,9,debit_card,2025-02-28T10:36:54,192.168.1.18,0
Ticket_2320,6,2,credit_card,2025-02-23T10:36:54,192.168.1.19,1
Ticket_6795,6,10,debit_card,2025-03-17T10:36:54,192.168.1.14,1
Ticket_5689,6,1,paypal,2025-03-05T10:36:54,192.168.1.8,0
Ticket_7795,6,10,credit_card,2025-03-21T10:36:54,192.168.1.14,0
Ticket_4609,6,10,debit_card,2025-03-06T10:36:54,192.168.1.11,0
Ticket_1383,6,2,paypal,2025-03-22T10:36:54,192.168.1.15,0
Ticket_4482,6,4,credit_card,2025-03-12T10:36:54,192.168.1.19,0
Ticket_2369,6,1,paypal,2025-02-26T10:36:54,192.168.1.20,1
Ticket_7122,6,10,debit_card,2025-03-09T10:36:54,192.168.1.7,0
Ticket_2624,6,1,debit_card,2025-03-05T10:36:54,192.168.1.20,0
Ticket_7096,6,8,paypal,2025-02-24T10:36:54,192.168.1.4,0
Ticket_5346,6,10,credit_card,2025-03-10T10:36:54,192.168.1.3,0
Ticket_5193,6,9,paypal,2025-03-12T10:36:54,192.168.1.7,0
Ticket_4493,6,1,debit_card,2025-02-20T10:36:54,192.168.1.20,0
Ticket_4285,6,3,credit_card,2025-02-25T10:36:54,192.168.1.1,0
Ticket_2102,6,3,paypal,2025-03-06T10:36:54,192.168.1.18,0
Ticket_5903,6,9,credit_card,2025-03-12T10:36:54,192.168.1.17,1
Ticket_5691,6,4,credit_card,2025-03-17T10:36:54,192.168.1.10,0
Ticket_8234,6,7,paypal,2025-03-04T10:36:54,192.168.1.15,0
Ticket_3916,6,8,debit_card,2025-03-21T10:36:54,192.168.1.1,0
Ticket_7680,6,4,debit_card,2025-03-12T10:36:54,192.168.1.10,1
Ticket_6788,6,4,paypal,2025-03-18T10:36:54,192.168.1.1,0
Ticket_5527,6,6,paypal,2025-03-19T10:36:54,192.168.1.4,0
Ticket_5557,6,2,debit_card,2025-03-19T10:36:54,192.168.1.14,0
Ticket_3904,6,5,credit_card,2025-03-19T10:36:54,192.168.1.9,0
Ticket_5492,6,3,debit_card,2025-03-09T10:36:54,192.168.1.5,0
Ticket_4533,6,5,paypal,2025-03-14T10:36:54,192.168.1.7,0
Ticket_7392,6,3,credit_card,2025-03-20T10:36:54,192.168.1.13,0
Ticket_6782,7,3,paypal,2025-02-23T10:36:54,192.168.1.8,0
Ticket_1208,7,9,debit_card,2025-03-15T10:36:54,192.168.1.14,0
Ticket_3546,7,7,debit_card,2025-02-20T10:36:54,192.168.1.3,0
Ticket_3629,7,5,paypal,2025-03-03T10:36:54,192.168.1.14,0
Ticket_5979,7,8,paypal,2025-02-26T10:36:54,192.168.1.15,0
Ticket_9814,7,7,debit_card,2025-02-20T10:36:54,192.168.1.9,0
Ticket_9241,7,9,paypal,2025-03-04T10:36:54,192.168.1.20,0
Ticket_7123,7,4,paypal,2025-02-20T10:36:54,192.168.1.19,0
Ticket_4947,7,6,credit_card,2025-02-28T10:36:54,192.168.1.3,1
Ticket_7590,7,1,credit_card,2025-03-22T10:36:54,192.168.1.12,0
Ticket_9042,7,3,paypal,2025-03-20T10:36:54,192.168.1.11,0
Ticket_8379,7,4,credit_card,2025-02-26T10:36:54,192.168.1.3,0
Ticket_4530,7,2,debit_card,2025-02-22T10:36:54,192.168.1.16,0
Ticket_3299,7,9,debit_card,2025-02-20T10:36:54,192.168.1.1,0
Ticket_7224,7,7,paypal,2025-02-22T10:36:54,192.168.1.13,0
Ticket_1392,7,9,paypal,2025-03-21T10:36:54,192.168.1.15,1
Ticket_2572,7,4,credit_card,2025-02-27T10:36:54,192.168.1.6,0
Ticket_1830,7,3,credit_card,2025-03-17T10:36:54,192.168.1.12,0
Ticket_4731,7,7,paypal,2025-03-05T10:36:54,192.168.1.17,0
Ticket_7416,7,3,credit_card,2025-03-13T10:36:54,192.168.1.13,0
Ticket_4210,7,5,debit_card,2025-03-05T10:36:54,192.168.1.17,0
Ticket_8164,7,4,debit_card,2025-03-14T10:36:54,192.168.1.10,0
Ticket_8476,7,1,paypal,2025-03-02T10:36:54,192.168.1.13,1
Ticket_6818,7,3,debit_card,2025-03-05T10:36:54,192.168.1.2,0
Ticket_9135,7,5,paypal,2025-03-12T10:36:54,192.168.1.16,1
Ticket_3133,7,7,debit_card,2025-02-20T10:36:54,192.168.1.3,1
Ticket_2307,7,9,credit_card,2025-03-13T10:36:54,192.168.1.8,0
Ticket_7542,7,8,credit_card,2025-03-18T10:36:54,192.168.1.11,0
Ticket_9271,7,1,debit_card,2025-03-03T10:36:54,192.168.1.14,0
Ticket_5418,7,5,credit_card,2025-03-18T10:36:54,192.168.1.16,0
Ticket_9949,7,9,debit_card,2025-03-21T10:36:54,192.168.1.8,1
Ticket_5841,7,1,paypal,2025-03-21T10:36:54,192.168.1.16,0
Ticket_5816,7,10,credit_card,2025-02-23T10:36:54,192.168.1.4,0
Ticket_3220,7,8,credit_card,2025-02-24T10:36:54,192.168.1.4,0
Ticket_9299,7,5,paypal,2025-03-09T10:36:54,192.168.1.4,0
Ticket_3283,7,2,paypal,2025-02-27T10:36:54,192.168.1.1,0
Ticket_4426,7,8,credit_card,2025-03-21T10:36:54,192.168.1.17,0
Ticket_7431,7,9,paypal,2025-02-20T10:36:54,192.168.1.10,0
Ticket_2729,7,10,debit_card,2025-03-15T10:36:54,192.168.1.9,0
Ticket_7463,7,6,paypal,2025-03-06T10:36:54,192.168.1.10,1
Ticket_6287,8,8,credit_card,2025-03-18T10:36:54,192.168.1.15,0
Ticket_5460,8,3,debit_card,2025-03-09T10:36:54,192.168.1.20,1
Ticket_3690,8,9,debit_card,2025-03-15T10:36:54,192.168.1.17,0
Ticket_7125,8,2,paypal,2025-03-11T10:36:54,192.168.1.2,0
Ticket_5172,8,4,credit_card,2025-03-15T10:36:54,192.168.1.10,0
Ticket_9742,8,8,credit_card,2025-03-15T10:36:54,192.168.1.12,0
Ticket_7068,8,3,credit_card,2025-03-17T10:36:54,192.168.1.16,0
Ticket_5097,8,8,debit_card,2025-02-22T10:36:54,192.168.1.2,0
Ticket_6279,8,8,credit_card,2025-02-27T10:36:54,192.168.1.13,0
Ticket_4561,8,2,paypal,2025-02-27T10:36:54,192.168.1.17,0
Ticket_5676,8,9,paypal,2025-03-14T10:36:54,192.168.1.3,1
Ticket_6283,8,1,paypal,2025-03-05T10:36:54,192.168.1.1,0
Ticket_3779,8,6,paypal,2025-02-20T10:36:54,192.168.1.10,0
Ticket_1761,8,10,paypal,2025-02-28T10:36:54,192.168.1.14,0
Ticket_4668,8,1,debit_card,2025-03-11T10:36:54,192.168.1.6,1
Ticket_3496,8,5,debit_card,2025-03-10T10:36:54,192.168.1.18,0
Ticket_6882,8,3,paypal,2025-02-22T10:36:54,192.168.1.18,0
Ticket_2446,8,10,debit_card,2025-03-17T10:36:54,192.168.1.12,0
Ticket_8500,8,1,credit_card,2025-03-12T10:36:54,192.168.1.17,1
Ticket_4054,8,9,debit_card,2025-03-18T10:36:54,192.168.1.13,0
Ticket_9736,8,10,paypal,2025-02-24T10:36:54,192.168.1.13,0
Ticket_1913,8,9,paypal,2025-03-10T10:36:54,192.168.1.2,0
Ticket_6871,8,7,credit_card,2025-02-25T10:36:54,192.168.1.7,1
Ticket_1900,8,9,debit_card,2025-03-21T10:36:54,192.168.1.19,0
Ticket_7142,8,5,credit_card,2025-02-26T10:36:54,192.168.1.10,1
Ticket_8947,8,3,paypal,2025-02-22T10:36:54,192.168.1.12,1
Ticket_3706,8,2,paypal,2025-03-13T10:36:54,192.168.1.11,1
Ticket_2370,8,2,paypal,2025-03-21T10:36:54,192.168.1.12,0
Ticket_3885,8,6,paypal,2025-02-21T10:36:54,192.168.1.6,0
Ticket_9767,8,6,paypal,2025-03-13T10:36:54,192.168.1.12,0
Ticket_2782,8,3,credit_card,2025-03-11T10:36:54,192.168.1.14,0
Ticket_9624,8,10,credit_card,2025-03-08T10:36:54,192.168.1.6,0
Ticket_3141,8,1,debit_card,2025-03-17T10:36:54,192.168.1.12,1
Ticket_9814,8,2,debit_card,2025-03-09T10:36:54,192.168.1.3,0
Ticket_1824,8,8,debit_card,2025-03-07T10:36:54,192.168.1.8,0
Ticket_3742,8,7,paypal,2025-03-05T10:36:54,192.168.1.17,0
Ticket_3419,8,4,credit_card,2025-03-22T10:36:54,192.168.1.19,0
Ticket_8533,8,10,paypal,2025-03-08T10:36:54,192.168.1.14,1
Ticket_8772,8,9,debit_card,2025-03-08T10:36:54,192.168.1.16,1
Ticket_1440,8,8,credit_card,2025-02-24T10:36:54,192.168.1.2,0
Ticket_1806,9,3,credit_card,2025-02-27T10:36:54,192.168.1.11,0
Ticket_7549,9,1,debit_card,2025-03-01T10:36:54,192.168.1.13,0
Ticket_2640,9,4,credit_card,2025-02-22T10:36:54,192.168.1.2,0
Ticket_7138,9,2,credit_card,2025-02-28T10:36:54,192.168.1.1,0
Ticket_9241,9,7,debit_card,2025-03-20T10:36:54,192.168.1.8,1
Ticket_7980,9,5,debit_card,2025-03-22T10:36:54,192.168.1.2,0
Ticket_7366,9,3,credit_card,2025-03-16T10:36:54,192.168.1.20,0
Ticket_6279,9,10,debit_card,2025-03-13T10:36:54,192.168.1.16,0
Ticket_1763,9,6,debit_card,2025-02-21T10:36:54,192.168.1.14,1
Ticket_4771,9,2,paypal,2025-03-14T10:36:54,192.168.1.11,0
Ticket_9585,9,10,paypal,2025-02-27T10:36:54,192.168.1.13,0
Ticket_8643,9,3,debit_card,2025-03-20T10:36:54,192.168.1.18,0
Ticket_5819,9,5,debit_card,2025-02-28T10:36:54,192.168.1.5,0
Ticket_2328,9,9,credit_card,2025-03-17T10:36:54,192.168.1.15,1
Ticket_3849,9,9,paypal,2025-02-28T10:36:54,192.168.1.19,0
Ticket_1225,9,1,paypal,2025-03-09T10:36:54,192.168.1.14,0
Ticket_5584,9,7,paypal,2025-02-21T10:36:54,192.168.1.1,1
Ticket_6470,9,6,paypal,2025-03-01T10:36:54,192.168.1.3,0
Ticket_1066,9,5,credit_card,2025-02-20T10:36:54,192.168.1.16,0
Ticket_7780,9,9,credit_card,2025-03-11T10:36:54,192.168.1.18,0
Ticket_4389,9,2,debit_card,2025-03-04T10:36:54,192.168.1.20,0
Ticket_8989,9,5,debit_card,2025-02-23T10:36:54,192.168.1.3,0
Ticket_5627,9,5,paypal,2025-03-14T10:36:54,192.168.1.6,0
Ticket_4891,9,7,debit_card,2025-03-19T10:36:54,192.168.1.1,0
Ticket_7062,9,9,debit_card,2025-03-19T10:36:54,192.168.1.8,0
Ticket_2278,9,4,credit_card,2025-03-11T10:36:54,192.168.1.5,1
Ticket_4995,9,6,credit_card,2025-03-02T10:36:54,192.168.1.18,0
Ticket_3030,9,1,credit_card,2025-03-02T10:36:54,192.168.1.2,0
Ticket_8382,9,9,debit_card,2025-02-23T10:36:54,192.168.1.15,0
Ticket_6070,9,2,debit_card,2025-03-16T10:36:54,192.168.1.19,1
Ticket_9059,9,6,paypal,2025-03-21T10:36:54,192.168.1.7,0
Ticket_3005,9,4,paypal,2025-03-04T10:36:54,192.168.1.12,0
Ticket_6319,9,1,paypal,2025-03-05T10:36:54,192.168.1.4,0
Ticket_6596,9,2,debit_card,2025-02-23T10:36:54,192.168.1.4,0
Ticket_1582,9,3,credit_card,2025-03-11T10:36:54,192.168.1.7,1
Ticket_4980,9,5,credit_card,2025-03-05T10:36:54,192.168.1.14,1
Ticket_4542,9,3,debit_card,2025-03-17T10:36:54,192.168.1.16,0
Ticket_2438,9,7,credit_card,2025-03-02T10:36:54,192.168.1.18,0
Ticket_4396,9,7,credit_card,2025-02-21T10:36:54,192.168.1.3,0
Ticket_4596,9,9,paypal,2025-02-26T10:36:54,192.168.1.1,0
Ticket_7417,10,4,credit_card,2025-03-15T10:36:54,192.168.1.8,0
Ticket_8735,10,3,debit_card,2025-03-15T10:36:54,192.168.1.13,1
Ticket_7004,10,8,debit_card,2025-03-05T10:36:54,192.168.1.17,0
Ticket_4045,10,8,debit_card,2025-03-17T10:36:54,192.168.1.9,0
Ticket_4772,10,2,credit_card,2025-03-04T10:36:54,192.168.1.17,0
Ticket_5430,10,8,debit_card,2025-03-15T10:36:54,192.168.1.1,0
Ticket_9337,10,8,credit_card,2025-02-23T10:36:54,192.168.1.14,0
Ticket_5625,10,2,credit_card,2025-03-18T10:36:54,192.168.1.20,0
Ticket_7045,10,1,debit_card,2025-03-03T10:36:54,192.168.1.13,0
Ticket_7477,10,6,credit_card,2025-03-20T10:36:54,192.168.1.20,0
Ticket_9252,10,3,paypal,2025-03-05T10:36:54,192.168.1.20,0
Ticket_7757,10,6,debit_card,2025-03-13T10:36:54,192.168.1.5,0
Ticket_3543,10,10,credit_card,2025-03-12T10:36:54,192.168.1.6,0
Ticket_9183,10,5,debit_card,2025-03-04T10:36:54,192.168.1.13,1
Ticket_6503,10,7,debit_card,2025-02-27T10:36:54,192.168.1.2,0
Ticket_7903,10,3,paypal,2025-02-26T10:36:54,192.168.1.16,0
Ticket_2758,10,2,credit_card,2025-03-10T10:36:54,192.168.1.7,0
Ticket_2529,10,1,paypal,2025-03-11T10:36:54,192.168.1.12,0
Ticket_7040,10,8,debit_card,2025-03-12T10:36:54,192.168.1.11,0
Ticket_5347,10,10,debit_card,2025-02-21T10:36:54,192.168.1.18,0
Ticket_1567,10,9,debit_card,2025-03-14T10:36:54,192.168.1.1,0
Ticket_5489,10,8,paypal,2025-03-07T10:36:54,192.168.1.3,0
Ticket_6713,10,5,paypal,2025-03-15T10:36:54,192.168.1.18,1
Ticket_5065,10,9,paypal,2025-03-22T10:36:54,192.168.1.6,1
Ticket_7210,10,1,paypal,2025-03-19T10:36:54,192.168.1.10,0
Ticket_6425,10,4,paypal,2025-03-04T10:36:54,192.168.1.18,1
Ticket_7517,10,2,credit_card,2025-03-02T10:36:54,192.168.1.16,0
Ticket_8929,10,1,credit_card,2025-03-02T10:36:54,192.168.1.6,0
Ticket_2114,10,6,paypal,2025-03-05T10:36:54,192.168.1.12,0
Ticket_2778,10,7,paypal,2025-03-01T10:36:54,192.168.1.11,1
Ticket_1760,10,10,debit_card,2025-03-14T10:36:54,192.168.1.3,0
Ticket_4458,10,4,credit_card,2025-03-01T10:36:54,192.168.1.6,0
Ticket_6976,10,7,paypal,2025-03-16T10:36:54,192.168.1.1,0
Ticket_4449,10,2,paypal,2025-02-24T10:36:54,192.168.1.10,0
Ticket_8547,10,6,debit_card,2025-03-12T10:36:54,192.168.1.7,0
Ticket_3333,10,6,credit_card,2025-02-27T10:36:54,192.168.1.1,0
Ticket_8514,10,6,credit_card,2025-02-25T10:36:54,192.168.1.5,0
Ticket_1905,10,4,paypal,2025-03-21T10:36:54,192.168.1.10,1
Ticket_9149,10,6,credit_card,2025-03-03T10:36:54,192.168.1.20,1
Ticket_4837,10,3,debit_card,2025-03-18T10:36:54,192.168.1.3,1
Ticket_9089,11,6,credit_card,2025-02-24T10:36:54,192.168.1.7,1
Ticket_2789,11,6,debit_card,2025-03-19T10:36:54,192.168.1.7,0
Ticket_4791,11,6,credit_card,2025-02-20T10:36:54,192.168.1.2,0
Ticket_7230,11,9,paypal,2025-02-23T10:36:54,192.168.1.6,0
Ticket_7095,11,5,paypal,2025-03-01T10:36:54,192.168.1.13,1
Ticket_3510,11,2,paypal,2025-02-26T10:36:54,192.168.1.13,0
Ticket_6227,11,3,credit_card,2025-03-17T10:36:54,192.168.1.2,0
Ticket_5523,11,2,credit_card,2025-03-14T10:36:54,192.168.1.13,0
Ticket_3575,11,3,credit_card,2025-03-22T10:36:54,192.168.1.7,0
Ticket_7258,11,4,paypal,2025-03-12T10:36:54,192.168.1.20,1
Ticket_7984,11,9,paypal,2025-03-15T10:36:54,192.168.1.6,0
Ticket_4511,11,2,credit_card,2025-03-21T10:36:54,192.168.1.20,0
Ticket_2617,11,5,debit_card,2025-03-05T10:36:54,192.168.1.1,0
Ticket_7344,11,10,debit_card,2025-03-01T10:36:54,192.168.1.15,0
Ticket_8479,11,10,credit_card,2025-03-15T10:36:54,192.168.1.7,0
Ticket_1694,11,2,paypal,2025-03-04T10:36:54,192.168.1.8,1
Ticket_3765,11,9,credit_card,2025-03-03T10:36:54,192.168.1.7,0
Ticket_7606,11,6,paypal,2025-03-12T10:36:54,192.168.1.3,1
Ticket_8673,11,4,paypal,2025-03-02T10:36:54,192.168.1.15,0
Ticket_5788,11,8,debit_card,2025-02-28T10:36:54,192.168.1.1,0
Ticket_3334,11,8,debit_card,2025-02-25T10:36:54,192.168.1.7,0
Ticket_4990,11,8,credit_card,2025-03-12T10:36:54,192.168.1.4,0
Ticket_1896,11,6,debit_card,2025-03-15T10:36:54,192.168.1.14,0
Ticket_1814,11,9,debit_card,2025-02-21T10:36:54,192.168.1.16,0
Ticket_1843,11,2,paypal,2025-03-11T10:36:54,192.168.1.1,1
Ticket_3252,11,5,debit_card,2025-02-21T10:36:54,192.168.1.5,1
Ticket_5893,11,8,paypal,2025-02-23T10:36:54,192.168.1.19,0
Ticket_9812,11,9,debit_card,2025-03-02T10:36:54,192.168.1.12,0
Ticket_1707,11,7,credit_card,2025-03-20T10:36:54,192.168.1.11,1
Ticket_9646,11,6,credit_card,2025-02-27T10:36:54,192.168.1.4,0
Ticket_1566,11,5,paypal,2025-03-06T10:36:54,192.168.1.13,0
Ticket_5361,11,8,paypal,2025-03-17T10:36:54,192.168.1.13,0
Ticket_1534,11,8,debit_card,2025-02-25T10:36:54,192.168.1.7,0
Ticket_1100,11,1,debit_card,2025-03-01T10:36:54,192.168.1.9,1
Ticket_7457,11,7,debit_card,2025-03-20T10:36:54,192.168.1.6,0
Ticket_3352,11,8,debit_card,2025-02-27T10:36:54,192.168.1.9,0
Ticket_6151,11,8,paypal,2025-03-20T10:36:54,192.168.1.1,0
Ticket_3401,11,9,paypal,2025-03-09T10:36:54,192.168.1.11,0
Ticket_2250,11,8,credit_card,2025-02-28T10:36:54,192.168.1.2,0
Ticket_9340,11,9,paypal,2025-03-05T10:36:54,192.168.1.19,0
Ticket_5760,12,6,debit_card,2025-03-20T10:36:54,192.168.1.2,0
Ticket_9728,12,9,credit_card,2025-03-08T10:36:54,192.168.1.20,0
Ticket_4031,12,1,debit_card,2025-03-19T10:36:54,192.168.1.16,0
Ticket_7816,12,7,credit_card,2025-03-07T10:36:54,192.168.1.18,0
Ticket_3719,12,3,paypal,2025-02-27T10:36:54,192.168.1.4,0
Ticket_5467,12,1,credit_card,2025-03-21T10:36:54,192.168.1.19,0
Ticket_7487,12,1,credit_card,2025-02-25T10:36:54,192.168.1.14,0
Ticket_6918,12,4,paypal,2025-03-12T10:36:54,192.168.1.14,0
Ticket_2936,12,8,paypal,2025-02-20T10:36:54,192.168.1.20,0
Ticket_4884,12,3,credit_card,2025-02-21T10:36:54,192.168.1.16,0
Ticket_7906,12,1,debit_card,2025-03-10T10:36:54,192.168.1.20,0
Ticket_3270,12,10,credit_card,2025-02-24T10:36:54,192.168.1.14,0
Ticket_3428,12,10,debit_card,2025-02-28T10:36:54,192.168.1.18,0
Ticket_7674,12,2,debit_card,2025-03-09T10:36:54,192.168.1.16,1
Ticket_9714,12,4,credit_card,2025-03-06T10:36:54,192.168.1.19,0
Ticket_4309,12,6,credit_card,2025-03-20T10:36:54,192.168.1.6,0
Ticket_6031,12,8,paypal,2025-03-15T10:36:54,192.168.1.10,0
Ticket_7078,12,3,debit_card,2025-03-18T10:36:54,192.168.1.12,1
Ticket_2772,12,4,credit_card,2025-03-07T10:36:54,192.168.1.10,1
Ticket_6152,12,5,credit_card,2025-03-07T10:36:54,192.168.1.13,0
Ticket_6275,12,3,credit_card,2025-03-05T10:36:54,192.168.1.13,1
Ticket_8563,12,7,paypal,2025-02-24T10:36:54,192.168.1.16,1
Ticket_2136,12,7,paypal,2025-03-07T10:36:54,192.168.1.5,0
Ticket_2514,12,4,credit_card,2025-03-18T10:36:54,192.168.1.19,0
Ticket_1934,12,5,paypal,2025-03-22T10:36:54,192.168.1.13,0
Ticket_4358,12,5,paypal,2025-03-05T10:36:54,192.168.1.3,0
Ticket_6815,12,8,paypal,2025-03-13T10:36:54,192.168.1.4,0
Ticket_8100,12,9,paypal,2025-03-03T10:36:54,192.168.1.14,0
Ticket_5893,12,1,credit_card,2025-02-21T10:36:54,192.168.1.10,1
Ticket_7828,12,1,paypal,2025-03-03T10:36:54,192.168.1.10,0
Ticket_5768,12,6,paypal,2025-03-05T10:36:54,192.168.1.8,0
Ticket_7855,12,8,debit_card,2025-03-13T10:36:54,192.168.1.19,1
Ticket_3885,12,9,paypal,2025-02-22T10:36:54,192.168.1.8,0
Ticket_4442,12,6,credit_card,2025-03-22T10:36:54,192.168.1.1,1
Ticket_6120,12,6,paypal,2025-03-21T10:36:54,192.168.1.16,0
Ticket_9068,12,4,debit_card,2025-02-23T10:36:54,192.168.1.2,0
Ticket_6117,12,6,credit_card,2025-03-13T10:36:54,192.168.1.11,0
Ticket_6369,12,6,debit_card,2025-03-13T10:36:54,192.168.1.13,1
Ticket_5213,12,9,paypal,2025-03-07T10:36:54,192.168.1.16,1
Ticket_7255,12,2,debit_card,2025-03-11T10:36:54,192.168.1.16,0
Ticket_9074,13,2,credit_card,2025-03-15T10:36:54,192.168.1.12,0
Ticket_1456,13,3,paypal,2025-02-25T10:36:54,192.168.1.9,0
Ticket_5736,13,9,debit_card,2025-03-15T10:36:54,192.168.1.17,0
Ticket_3537,13,2,paypal,2025-03-18T10:36:54,192.168.1.8,0
Ticket_9693,13,3,debit_card,2025-03-06T10:36:54,192.168.1.20,0
Ticket_3314,13,1,paypal,2025-03-16T10:36:54,192.168.1.1,0
Ticket_7084,13,6,credit_card,2025-02-24T10:36:54,192.168.1.7,1
Ticket_9873,13,10,debit_card,2025-02-22T10:36:54,192.168.1.9,0
Ticket_5811,13,4,debit_card,2025-02-25T10:36:54,192.168.1.17,1
Ticket_3402,13,2,debit_card,2025-03-01T10:36:54,192.168.1.12,0
Ticket_7841,13,5,paypal,2025-03-01T10:36:54,192.168.1.16,1
Ticket_8741,13,8,credit_card,2025-03-12T10:36:54,192.168.1.7,0
Ticket_8577,13,5,paypal,2025-02-27T10:36:54,192.168.1.12,1
Ticket_5317,13,8,credit_card,2025-02-22T10:36:54,192.168.1.14,0
Ticket_3172,13,9,credit_card,2025-03-02T10:36:54,192.168.1.1,0
Ticket_1575,13,8,debit_card,2025-03-14T10:36:54,192.168.1.16,0
Ticket_5320,13,10,paypal,2025-03-14T10:36:54,192.168.1.11,0
Ticket_3610,13,4,credit_card,2025-02-24T10:36:54,192.168.1.5,0
Ticket_9246,13,4,paypal,2025-02-24T10:36:54,192.168.1.8,0
Ticket_3284,13,9,credit_card,2025-02-27T10:36:54,192.168.1.17,0
Ticket_1098,13,6,debit_card,2025-03-21T10:36:54,192.168.1.17,0
Ticket_4881,13,1,paypal,2025-02-26T10:36:54,192.168.1.11,0
Ticket_8809,13,8,paypal,2025-03-03T10:36:54,192.168.1.20,1
Ticket_9502,13,2,credit_card,2025-03-09T10:36:54,192.168.1.17,0
Ticket_1753,13,9,credit_card,2025-02-25T10:36:54,192.168.1.15,0
Ticket_7373,13,8,debit_card,2025-03-18T10:36:54,192.168.1.17,0
Ticket_9516,13,6,debit_card,2025-03-03T10:36:54,192.168.1.6,0
Ticket_4435,13,10,paypal,2025-03-06T10:36:54,192.168.1.5,0
Ticket_6102,13,10,paypal,2025-03-19T10:36:54,192.168.1.12,1
Ticket_4898,13,3,debit_card,2025-03-21T10:36:54,192.168.1.14,0
Ticket_7641,13,7,paypal,2025-02-25T10:36:54,192.168.1.10,0
Ticket_9131,13,6,credit_card,2025-02-21T10:36:54,192.168.1.4,1
Ticket_5906,13,1,debit_card,2025-03-09T10:36:54,192.168.1.16,0
Ticket_1013,13,2,paypal,2025-02-23T10:36:54,192.168.1.8,0
Ticket_9291,13,9,credit_card,2025-02-22T10:36:54,192.168.1.20,0
Ticket_2474,13,7,debit_card,2025-03-12T10:36:54,192.168.1.10,0
Ticket_2454,13,4,credit_card,2025-03-14T10:36:54,192.168.1.1,1
Ticket_8378,13,8,credit_card,2025-03-16T10:36:54,192.168.1.4,1
Ticket_3062,13,6,credit_card,2025-03-11T10:36:54,192.168.1.8,0
Ticket_6120,13,9,debit_card,2025-03-08T10:36:54,192.168.1.7,1
Ticket_6743,14,4,credit_card,2025-03-20T10:36:54,192.168.1.1,0
Ticket_9611,14,6,debit_card,2025-02-20T10:36:54,192.168.1.3,0
Ticket_6266,14,2,paypal,2025-03-21T10:36:54,192.168.1.3,0
Ticket_2629,14,5,debit_card,2025-03-22T10:36:54,192.168.1.13,0
Ticket_9516,14,4,paypal,2025-03-08T10:36:54,192.168.1.7,0
Ticket_1218,14,3,credit_card,2025-03-20T10:36:54,192.168.1.15,1
Ticket_9847,14,2,paypal,2025-03-02T10:36:54,192.168.1.8,1
Ticket_9571,14,5,credit_card,2025-02-26T10:36:54,192.168.1.14,0
Ticket_3694,14,7,paypal,2025-03-11T10:36:54,192.168.1.15,0
Ticket_3563,14,4,credit_card,2025-03-01T10:36:54,192.168.1.11,1
Ticket_7874,14,7,credit_card,2025-03-13T10:36:54,192.168.1.6,0
Ticket_6288,14,5,credit_card,2025-03-06T10:36:54,192.168.1.12,0
Ticket_8798,14,4,debit_card,2025-03-18T10:36:54,192.168.1.4,0
Ticket_8672,14,6,credit_card,2025-02-21T10:36:54,192.168.1.17,0
Ticket_5289,14,5,debit_card,2025-03-16T10:36:54,192.168.1.19,0
Ticket_1850,14,9,credit_card,2025-03-05T10:36:54,192.168.1.10,0
Ticket_1984,14,7,debit_card,2025-03-10T10:36:54,192.168.1.19,0
Ticket_2421,14,4,credit_card,2025-02-21T10:36:54,192.168.1.7,1
Ticket_4384,14,9,credit_card,2025-03-19T10:36:54,192.168.1.4,0
Ticket_6843,14,6,credit_card,2025-02-20T10:36:54,192.168.1.19,0
Ticket_8166,14,3,credit_card,2025-03-06T10:36:54,192.168.1.19,0
Ticket_4832,14,7,debit_card,2025-03-18T10:36:54,192.168.1.19,0
Ticket_1337,14,10,credit_card,2025-03-05T10:36:54,192.168.1.4,0
Ticket_2685,14,7,credit_card,2025-03-14T10:36:54,192.168.1.15,0
Ticket_2858,14,7,debit_card,2025-03-09T10:36:54,192.168.1.16,0
Ticket_1762,14,4,credit_card,2025-03-18T10:36:54,192.168.1.4,0
Ticket_4331,14,1,credit_card,2025-03-22T10:36:54,192.168.1.2,0
Ticket_1292,14,8,debit_card,2025-03-10T10:36:54,192.168.1.15,0
Ticket_1903,14,4,credit_card,2025-02-21T10:36:54,192.168.1.19,0
Ticket_6561,14,8,debit_card,2025-02-24T10:36:54,192.168.1.10,0
Ticket_9086,14,8,credit_card,2025-03-14T10:36:54,192.168.1.20,0
Ticket_2510,14,3,paypal,2025-02-26T10:36:54,192.168.1.13,0
Ticket_4606,14,3,paypal,2025-03-06T10:36:54,192.168.1.19,1
Ticket_9002,14,5,debit_card,2025-02-24T10:36:54,192.168.1.12,1
Ticket_4286,14,7,debit_card,2025-02-28T10:36:54,192.168.1.5,0
Ticket_2123,14,9,debit_card,2025-03-11T10:36:54,192.168.1.1,0
Ticket_9078,14,4,credit_card,2025-03-03T10:36:54,192.168.1.10,0
Ticket_5488,14,10,credit_card,2025-03-05T10:36:54,192.168.1.8,0
Ticket_2202,14,3,credit_card,2025-03-04T10:36:54,192.168.1.9,0
Ticket_2988,14,10,credit_card,2025-03-10T10:36:54,192.168.1.5,0
Ticket_2057,15,9,paypal,2025-03-22T10:36:54,192.168.1.13,0
Ticket_1785,15,1,debit_card,2025-02-24T10:36:54,192.168.1.19,0
Ticket_5870,15,7,credit_card,2025-03-20T10:36:54,192.168.1.10,1
Ticket_4782,15,8,paypal,2025-02-22T10:36:54,192.168.1.1,0
Ticket_6307,15,9,credit_card,2025-03-13T10:36:54,192.168.1.1,0
Ticket_1006,15,5,credit_card,2025-03-20T10:36:54,192.168.1.11,0
Ticket_3858,15,4,paypal,2025-03-18T10:36:54,192.168.1.17,0
Ticket_4405,15,8,debit_card,2025-02-21T10:36:54,192.168.1.13,1
Ticket_6349,15,6,paypal,2025-02-22T10:36:54,192.168.1.12,0
Ticket_2678,15,7,debit_card,2025-02-27T10:36:54,192.168.1.11,0
Ticket_3919,15,6,credit_card,2025-03-18T10:36:54,192.168.1.16,0
Ticket_5937,15,6,credit_card,2025-03-09T10:36:54,192.168.1.6,0
Ticket_2624,15,1,credit_card,2025-03-20T10:36:54,192.168.1.16,0
Ticket_9895,15,7,paypal,2025-03-01T10:36:54,192.168.1.17,0
Ticket_2285,15,4,paypal,2025-03-01T10:36:54,192.168.1.18,0
Ticket_4748,15,7,paypal,2025-02-28T10:36:54,192.168.1.4,0
Ticket_6769,15,9,debit_card,2025-03-10T10:36:54,192.168.1.17,0
Ticket_6668,15,1,paypal,2025-03-06T10:36:54,192.168.1.16,0
Ticket_4925,15,7,paypal,2025-03-06T10:36:54,192.168.1.3,0
Ticket_8648,15,4,debit_card,2025-02-28T10:36:54,192.168.1.12,0
Ticket_2841,15,9,debit_card,2025-03-11T10:36:54,192.168.1.7,0
Ticket_2765,15,7,debit_card,2025-02-26T10:36:54,192.168.1.2,0
Ticket_3824,15,4,credit_card,2025-03-22T10:36:54,192.168.1.20,0
Ticket_1063,15,1,credit_card,2025-02-24T10:36:54,192.168.1.16,0
Ticket_9414,15,5,debit_card,2025-02-20T10:36:54,192.168.1.15,1
Ticket_4967,15,8,credit_card,2025-03-08T10:36:54,192.168.1.12,0
Ticket_4872,15,5,credit_card,2025-03-05T10:36:54,192.168.1.1,0
Ticket_6597,15,6,credit_card,2025-03-08T10:36:54,192.168.1.13,0
Ticket_7359,15,6,credit_card,2025-03-19T10:36:54,192.168.1.13,1
Ticket_6842,15,5,paypal,2025-03-04T10:36:54,192.168.1.10,0
Ticket_4262,15,1,paypal,2025-03-12T10:36:54,192.168.1.1,0
Ticket_2061,15,4,credit_card,2025-02-22T10:36:54,192.168.1.14,1
Ticket_1038,15,1,debit_card,2025-02-27T10:36:54,192.168.1.15,0
Ticket_3137,15,2,credit_card,2025-03-21T10:36:54,192.168.1.12,1
Ticket_4444,15,5,paypal,2025-03-13T10:36:54,192.168.1.18,1
Ticket_1601,15,1,paypal,2025-02-20T10:36:54,192.168.1.20,0
Ticket_3501,15,3,paypal,2025-03-13T10:36:54,192.168.1.16,0
Ticket_5850,15,2,paypal,2025-03-08T10:36:54,192.168.1.16,0
Ticket_3452,15,4,debit_card,2025-02-21T10:36:54,192.168.1.20,0
Ticket_3171,15,3,credit_card,2025-03-18T10:36:54,192.168.1.20,0
Ticket_9674,16,7,credit_card,2025-02-20T10:36:54,192.168.1.14,1
Ticket_7142,16,8,paypal,2025-03-19T10:36:54,192.168.1.13,0
Ticket_4986,16,7,paypal,2025-03-19T10:36:54,192.168.1.19,0
Ticket_9452,16,3,credit_card,2025-03-10T10:36:54,192.168.1.19,1
Ticket_4891,16,3,credit_card,2025-03-15T10:36:54,192.168.1.1,1
Ticket_7920,16,4,credit_card,2025-02-28T10:36:54,192.168.1.12,0
Ticket_5368,16,6,paypal,2025-02-23T10:36:54,192.168.1.5,0
Ticket_8946,16,2,debit_card,2025-03-02T10:36:54,192.168.1.1,0
Ticket_2442,16,3,credit_card,2025-03-18T10:36:54,192.168.1.8,0
Ticket_3118,16,6,credit_card,2025-02-21T10:36:54,192.168.1.4,0
Ticket_6957,16,9,credit_card,2025-03-12T10:36:54,192.168.1.12,1
Ticket_2641,16,5,paypal,2025-02-24T10:36:54,192.168.1.16,1
Ticket_8426,16,10,paypal,2025-02-27T10:36:54,192.168.1.7,1
Ticket_1898,16,8,debit_card,2025-03-08T10:36:54,192.168.1.15,0
Ticket_9823,16,6,debit_card,2025-03-19T10:36:54,192.168.1.11,0
Ticket_3358,16,9,debit_card,2025-03-08T10:36:54,192.168.1.18,0
Ticket_7521,16,10,debit_card,2025-03-13T10:36:54,192.168.1.6,0
Ticket_8176,16,6,credit_card,2025-02-28T10:36:54,192.168.1.14,0
Ticket_5125,16,2,debit_card,2025-02-20T10:36:54,192.168.1.9,1
Ticket_8706,16,8,paypal,2025-03-11T10:36:54,192.168.1.2,0
Ticket_5431,16,2,credit_card,2025-02-22T10:36:54,192.168.1.3,1
Ticket_8133,16,7,paypal,2025-03-06T10:36:54,192.168.1.14,0
Ticket_3043,16,4,credit_card,2025-02-26T10:36:54,192.168.1.9,1
Ticket_1920,16,1,debit_card,2025-02-26T10:36:54,192.168.1.16,0
Ticket_5950,16,6,debit_card,2025-03-08T10:36:54,192.168.1.20,0
Ticket_9662,16,10,credit_card,2025-03-19T10:36:54,192.168.1.20,0
Ticket_5841,16,1,credit_card,2025-02-24T10:36:54,192.168.1.1,0
Ticket_2136,16,7,debit_card,2025-02-27T10:36:54,192.168.1.12,0
Ticket_8046,16,6,debit_card,2025-02-25T10:36:54,192.168.1.12,0
Ticket_9600,16,5,credit_card,2025-03-06T10:36:54,192.168.1.17,0
Ticket_9925,16,1,paypal,2025-03-03T10:36:54,192.168.1.3,0
Ticket_5450,16,3,credit_card,2025-02-26T10:36:54,192.168.1.12,0
Ticket_3458,16,9,debit_card,2025-02-20T10:36:54,192.168.1.1,0
Ticket_5059,16,7,credit_card,2025-03-21T10:36:54,192.168.1.11,0
Ticket_2275,16,8,debit_card,2025-02-27T10:36:54,192.168.1.2,0
Ticket_9159,16,9,credit_card,2025-02-26T10:36:54,192.168.1.14,0
Ticket_4189,16,4,debit_card,2025-03-08T10:36:54,192.168.1.15,0
Ticket_2724,16,5,debit_card,2025-03-11T10:36:54,192.168.1.14,0
Ticket_7831,16,2,debit_card,2025-02-27T10:36:54,192.168.1.19,0
Ticket_1774,16,5,debit_card,2025-03-16T10:36:54,192.168.1.16,0
Ticket_6794,17,7,debit_card,2025-03-04T10:36:54,192.168.1.18,0
Ticket_4985,17,10,credit_card,2025-03-16T10:36:54,192.168.1.9,0
Ticket_8598,17,9,debit_card,2025-03-19T10:36:54,192.168.1.2,1
Ticket_4781,17,9,paypal,2025-03-04T10:36:54,192.168.1.2,1
Ticket_1468,17,2,debit_card,2025-03-03T10:36:54,192.168.1.7,0
Ticket_5125,17,5,debit_card,2025-03-03T10:36:54,192.168.1.8,0
Ticket_9136,17,7,paypal,2025-03-13T10:36:54,192.168.1.17,0
Ticket_6803,17,2,paypal,2025-02-23T10:36:54,192.168.1.8,0
Ticket_4998,17,9,debit_card,2025-03-02T10:36:54,192.168.1.1,0
Ticket_2605,17,3,credit_card,2025-03-12T10:36:54,192.168.1.12,1
Ticket_3479,17,2,debit_card,2025-03-14T10:36:54,192.168.1.5,0
Ticket_1264,17,5,debit_card,2025-02-25T10:36:54,192.168.1.10,0
Ticket_5975,17,6,paypal,2025-02-20T10:36:54,192.168.1.17,0
Ticket_3915,17,4,credit_card,2025-03-12T10:36:54,192.168.1.2,0
Ticket_9845,17,3,debit_card,2025-03-01T10:36:54,192.168.1.11,0
Ticket_6931,17,3,debit_card,2025-03-15T10:36:54,192.168.1.1,0
Ticket_8469,17,1,debit_card,2025-03-15T10:36:54,192.168.1.6,0
Ticket_4569,17,5,debit_card,2025-03-16T10:36:54,192.168.1.14,1
Ticket_1590,17,7,debit_card,2025-02-22T10:36:54,192.168.1.6,1
Ticket_8940,17,10,paypal,2025-03-15T10:36:54,192.168.1.16,0
Ticket_1768,17,10,paypal,2025-03-07T10:36:54,192.168.1.12,0
Ticket_6025,17,5,credit_card,2025-03-14T10:36:54,192.168.1.13,0
Ticket_1452,17,3,paypal,2025-03-10T10:36:54,192.168.1.20,0
Ticket_1047,17,1,paypal,2025-02-25T10:36:54,192.168.1.3,0
Ticket_9995,17,3,debit_card,2025-03-03T10:36:54,192.168.1.1,0
Ticket_4913,17,1,credit_card,2025-03-02T10:36:54,192.168.1.1,0
Ticket_1767,17,5,credit_card,2025-03-22T10:36:54,192.168.1.20,0
Ticket_6049,17,4,credit_card,2025-03-16T10:36:54,192.168.1.18,1
Ticket_1600,17,9,credit_card,2025-03-19T10:36:54,192.168.1.11,0
Ticket_1107,17,8,credit_card,2025-02-26T10:36:54,192.168.1.1,0
Ticket_3483,17,6,debit_card,2025-03-07T10:36:54,192.168.1.2,0
Ticket_3249,17,5,debit_card,2025-02-20T10:36:54,192.168.1.7,0
Ticket_6127,17,7,debit_card,2025-02-20T10:36:54,192.168.1.11,0
Ticket_2786,17,10,paypal,2025-03-16T10:36:54,192.168.1.14,0
Ticket_3085,17,5,debit_card,2025-03-03T10:36:54,192.168.1.1,1
Ticket_4966,17,3,credit_card,2025-03-10T10:36:54,192.168.1.14,0
Ticket_3503,17,10,debit_card,2025-03-10T10:36:54,192.168.1.14,1
Ticket_2983,17,2,credit_card,2025-03-11T10:36:54,192.168.1.6,0
Ticket_7104,17,2,credit_card,2025-02-23T10:36:54,192.168.1.14,0
Ticket_3457,17,8,paypal,2025-02-28T10:36:54,192.168.1.14,0
Ticket_8410,18,9,credit_card,2025-03-12T10:36:54,192.168.1.15,0
Ticket_8348,18,4,debit_card,2025-03-12T10:36:54,192.168.1.7,0
Ticket_9373,18,3,credit_card,2025-03-17T10:36:54,192.168.1.17,0
Ticket_3790,18,1,paypal,2025-02-27T10:36:54,192.168.1.1,0
Ticket_3433,18,1,debit_card,2025-02-28T10:36:54,192.168.1.7,0
Ticket_6423,18,10,debit_card,2025-02-22T10:36:54,192.168.1.17,1
Ticket_4928,18,9,credit_card,2025-02-27T10:36:54,192.168.1.13,0
Ticket_1507,18,8,debit_card,2025-03-06T10:36:54,192.168.1.14,1
Ticket_4833,18,10,debit_card,2025-03-06T10:36:54,192.168.1.2,0
Ticket_3299,18,1,credit_card,2025-03-08T10:36:54,192.168.1.17,0
Ticket_8548,18,2,debit_card,2025-03-21T10:36:54,192.168.1.18,0
Ticket_1145,18,6,paypal,2025-02-24T10:36:54,192.168.1.18,0
Ticket_8074,18,5,credit_card,2025-03-08T10:36:54,192.168.1.10,0
Ticket_5060,18,5,credit_card,2025-03-02T10:36:54,192.168.1.12,0
Ticket_9398,18,10,debit_card,2025-02-21T10:36:54,192.168.1.16,0
Ticket_1498,18,9,debit_card,2025-02-20T10:36:54,192.168.1.7,1
Ticket_2352,18,3,paypal,2025-03-07T10:36:54,192.168.1.17,1
Ticket_4697,18,4,paypal,2025-02-27T10:36:54,192.168.1.16,0
Ticket_3485,18,5,debit_card,2025-03-10T10:36:54,192.168.1.18,0
Ticket_4249,18,4,debit_card,2025-03-18T10:36:54,192.168.1.2,0
Ticket_4389,18,1,paypal,2025-02-23T10:36:54,192.168.1.20,0
Ticket_2550,18,3,credit_card,2025-03-05T10:36:54,192.168.1.20,0
Ticket_5678,18,2,paypal,2025-03-13T10:36:54,192.168.1.16,1
Ticket_8398,18,5,credit_card,2025-02-27T10:36:54,192.168.1.5,0
Ticket_6793,18,3,debit_card,2025-03-15T10:36:54,192.168.1.17,1
Ticket_1848,18,5,debit_card,2025-03-04T10:36:54,192.168.1.11,0
Ticket_2348,18,8,debit_card,2025-03-14T10:36:54,192.168.1.17,0
Ticket_8459,18,2,debit_card,2025-02-23T10:36:54,192.168.1.10,0
Ticket_2471,18,8,debit_card,2025-03-12T10:36:54,192.168.1.2,1
Ticket_6078,18,6,credit_card,2025-02-22T10:36:54,192.168.1.4,1
Ticket_5709,18,6,debit_card,2025-03-14T10:36:54,192.168.1.10,0
Ticket_7410,18,2,paypal,2025-02-20T10:36:54,192.168.1.10,0
Ticket_8329,18,5,paypal,2025-03-19T10:36:54,192.168.1.8,1
Ticket_2694,18,3,debit_card,2025-03-22T10:36:54,192.168.1.15,0
Ticket_6854,18,6,credit_card,2025-03-07T10:36:54,192.168.1.6,0
Ticket_1906,18,10,paypal,2025-03-03T10:36:54,192.168.1.9,1
Ticket_5743,18,4,paypal,2025-03-16T10:36:54,192.168.1.6,1
Ticket_1654,18,7,debit_card,2025-03-05T10:36:54,192.168.1.1,0
Ticket_8401,18,9,paypal,2025-02-25T10:36:54,192.168.1.6,0
Ticket_9766,18,6,credit_card,2025-03-10T10:36:54,192.168.1.14,1
Ticket_5813,19,10,paypal,2025-03-03T10:36:54,192.168.1.15,1
Ticket_2098,19,7,credit_card,2025-03-20T10:36:54,192.168.1.12,1
Ticket_6583,19,4,credit_card,2025-03-13T10:36:54,192.168.1.11,0
Ticket_6167,19,8,paypal,2025-03-21T10:36:54,192.168.1.6,0
Ticket_4765,19,3,paypal,2025-03-22T10:36:54,192.168.1.4,1
Ticket_4026,19,8,credit_card,2025-03-05T10:36:54,192.168.1.5,0
Ticket_9153,19,1,debit_card,2025-02-27T10:36:54,192.168.1.14,0
Ticket_6683,19,2,credit_card,2025-03-10T10:36:54,192.168.1.17,0
Ticket_3906,19,9,paypal,2025-03-18T10:36:54,192.168.1.8,0
Ticket_9398,19,1,credit_card,2025-03-04T10:36:54,192.168.1.8,1
Ticket_9807,19,9,paypal,2025-03-20T10:36:54,192.168.1.2,0
Ticket_3679,19,10,paypal,2025-03-11T10:36:54,192.168.1.11,0
Ticket_3138,19,7,paypal,2025-03-15T10:36:54,192.168.1.12,0
Ticket_6526,19,6,debit_card,2025-02-23T10:36:54,192.168.1.18,0
Ticket_1250,19,10,debit_card,2025-03-16T10:36:54,192.168.1.15,0
Ticket_7182,19,8,debit_card,2025-03-18T10:36:54,192.168.1.18,1
Ticket_3740,19,6,paypal,2025-02-22T10:36:54,192.168.1.2,0
Ticket_8106,19,8,debit_card,2025-02-21T10:36:54,192.168.1.12,0
Ticket_3344,19,5,debit_card,2025-03-19T10:36:54,192.168.1.3,0
Ticket_8460,19,4,credit_card,2025-03-13T10:36:54,192.168.1.13,1
Ticket_6259,19,5,debit_card,2025-03-04T10:36:54,192.168.1.11,0
Ticket_1622,19,10,paypal,2025-03-10T10:36:54,192.168.1.2,0
Ticket_6065,19,1,debit_card,2025-03-07T10:36:54,192.168.1.13,0
Ticket_3335,19,10,paypal,2025-03-05T10:36:54,192.168.1.13,0
Ticket_5866,19,8,credit_card,2025-02-27T10:36:54,192.168.1.18,0
Ticket_4112,19,2,debit_card,2025-03-17T10:36:54,192.168.1.13,0
Ticket_8906,19,6,paypal,2025-02-28T10:36:54,192.168.1.6,0
Ticket_7225,19,9,paypal,2025-02-26T10:36:54,192.168.1.2,0
Ticket_8064,19,6,paypal,2025-03-12T10:36:54,192.168.1.19,0
Ticket_6060,19,3,credit_card,2025-02-20T10:36:54,192.168.1.17,0
Ticket_7653,19,3,paypal,2025-03-09T10:36:54,192.168.1.17,0
Ticket_1591,19,1,debit_card,2025-03-13T10:36:54,192.168.1.18,0
Ticket_7141,19,9,debit_card,2025-03-01T10:36:54,192.168.1.2,1
Ticket_8590,19,6,credit_card,2025-03-10T10:36:54,192.168.1.11,0
Ticket_5923,19,1,debit_card,2025-03-07T10:36:54,192.168.1.15,0
Ticket_4850,19,1,debit_card,2025-03-07T10:36:54,192.168.1.3,0
Ticket_4082,19,7,paypal,2025-03-06T10:36:54,192.168.1.12,0
Ticket_6339,19,10,debit_card,2025-03-18T10:36:54,192.168.1.7,1
Ticket_5555,19,6,debit_card,2025-03-22T10:36:54,192.168.1.10,0
Ticket_6606,19,5,debit_card,2025-03-15T10:36:54,192.168.1.5,1
Ticket_5023,20,10,credit_card,2025-02-25T10:36:54,192.168.1.13,1
Ticket_1412,20,3,paypal,2025-02-22T10:36:54,192.168.1.7,0
Ticket_4822,20,4,debit_card,2025-03-11T10:36:54,192.168.1.19,0
Ticket_3655,20,4,paypal,2025-03-01T10:36:54,192.168.1.12,0
Ticket_7380,20,7,paypal,2025-03-16T10:36:54,192.168.1.18,0
Ticket_1361,20,1,paypal,2025-03-14T10:36:54,192.168.1.3,0
Ticket_5658,20,10,debit_card,2025-02-22T10:36:54,192.168.1.20,0
Ticket_5002,20,5,debit_card,2025-03-04T10:36:54,192.168.1.7,0
Ticket_4512,20,3,paypal,2025-03-08T10:36:54,192.168.1.5,1
Ticket_9541,20,4,credit_card,2025-03-08T10:36:54,192.168.1.9,1
Ticket_8369,20,6,paypal,2025-03-22T10:36:54,192.168.1.11,0
Ticket_5947,20,3,credit_card,2025-03-14T10:36:54,192.168.1.11,0
Ticket_8073,20,8,credit_card,2025-03-07T10:36:54,192.168.1.10,0
Ticket_8011,20,8,debit_card,2025-03-09T10:36:54,192.168.1.13,0
Ticket_3851,20,5,paypal,2025-02-23T10:36:54,192.168.1.5,0
Ticket_7948,20,7,debit_card,2025-02-20T10:36:54,192.168.1.5,0
Ticket_9536,20,10,debit_card,2025-03-17T10:36:54,192.168.1.1,0
Ticket_8277,20,1,paypal,2025-03-10T10:36:54,192.168.1.18,0
Ticket_1911,20,4,credit_card,2025-02-20T10:36:54,192.168.1.18,0
Ticket_7675,20,9,debit_card,2025-03-13T10:36:54,192.168.1.12,1
Ticket_1643,20,3,debit_card,2025-03-17T10:36:54,192.168.1.11,0
Ticket_1139,20,4,paypal,2025-02-22T10:36:54,192.168.1.1,1
Ticket_6385,20,4,debit_card,2025-02-26T10:36:54,192.168.1.9,0
Ticket_4757,20,3,credit_card,2025-03-13T10:36:54,192.168.1.5,0
Ticket_5560,20,4,debit_card,2025-03-06T10:36:54,192.168.1.20,0
Ticket_2229,20,2,paypal,2025-02-22T10:36:54,192.168.1.7,1
Ticket_7875,20,4,credit_card,2025-03-16T10:36:54,192.168.1.15,0
Ticket_3085,20,4,credit_card,2025-02-24T10:36:54,192.168.1.17,0
Ticket_3675,20,7,debit_card,2025-02-23T10:36:54,192.168.1.16,0
Ticket_6194,20,10,debit_card,2025-03-07T10:36:54,192.168.1.15,0
Ticket_1762,20,6,paypal,2025-03-13T10:36:54,192.168.1.18,1
Ticket_6204,20,1,paypal,2025-03-15T10:36:54,192.168.1.2,0
Ticket_2122,20,6,credit_card,2025-02-22T10:36:54,192.168.1.12,1
Ticket_5396,20,7,paypal,2025-03-16T10:36:54,192.168.1.1,1
Ticket_6073,20,4,paypal,2025-03-01T10:36:54,192.168.1.4,1
Ticket_7636,20,4,debit_card,2025-02-22T10:36:54,192.168.1.10,0
Ticket_9064,20,3,paypal,2025-03-14T10:36:54,192.168.1.8,0
Ticket_7528,20,8,credit_card,2025-03-18T10:36:54,192.168.1.3,1
Ticket_5869,20,7,debit_card,2025-03-03T10:36:54,192.168.1.10,1
Ticket_3831,20,5,credit_card,2025-03-05T10:36:54,192.168.1.20,0
Ticket_6373,21,10,debit_card,2025-03-17T10:36:54,192.168.1.18,1
Ticket_7642,21,4,credit_card,2025-03-06T10:36:54,192.168.1.6,0
Ticket_8461,21,10,credit_card,2025-03-10T10:36:54,192.168.1.8,0
Ticket_6297,21,6,paypal,2025-03-11T10:36:54,192.168.1.14,1
Ticket_1319,21,2,paypal,2025-03-19T10:36:54,192.168.1.18,0
Ticket_9679,21,5,credit_card,2025-03-03T10:36:54,192.168.1.14,0
Ticket_1524,21,10,paypal,2025-03-16T10:36:54,192.168.1.12,0
Ticket_6663,21,9,debit_card,2025-03-03T10:36:54,192.168.1.13,1
Ticket_2570,21,1,debit_card,2025-03-13T10:36:54,192.168.1.9,0
Ticket_8557,21,2,credit_card,2025-02-23T10:36:54,192.168.1.11,0
Ticket_2258,21,10,credit_card,2025-03-22T10:36:54,192.168.1.9,1
Ticket_7487,21,8,credit_card,2025-03-16T10:36:54,192.168.1.11,0
Ticket_4966,21,7,debit_card,2025-03-10T10:36:54,192.168.1.5,0
Ticket_9882,21,9,paypal,2025-02-22T10:36:54,192.168.1.19,0
Ticket_4047,21,2,paypal,2025-02-20T10:36:54,192.168.1.2,0
Ticket_1629,21,4,debit_card,2025-03-11T10:36:54,192.168.1.1,1
Ticket_6071,21,5,paypal,2025-03-18T10:36:54,192.168.1.19,0
Ticket_7882,21,2,credit_card,2025-02-22T10:36:54,192.168.1.20,1
Ticket_2803,21,10,debit_card,2025-02-27T10:36:54,192.168.1.8,1
Ticket_1281,21,9,debit_card,2025-03-01T10:36:54,192.168.1.17,0
Ticket_9144,21,4,paypal,2025-03-02T10:36:54,192.168.1.6,0
Ticket_6571,21,2,debit_card,2025-03-14T10:36:54,192.168.1.17,0
Ticket_8896,21,6,debit_card,2025-02-26T10:36:54,192.168.1.1,0
Ticket_6790,21,2,credit_card,2025-02-20T10:36:54,192.168.1.11,1
Ticket_8324,21,5,debit_card,2025-03-09T10:36:54,192.168.1.17,0
Ticket_3150,21,6,paypal,2025-03-16T10:36:54,192.168.1.9,0
Ticket_7136,21,5,paypal,2025-03-03T10:36:54,192.168.1.5,0
Ticket_6589,21,10,debit_card,2025-02-27T10:36:54,192.168.1.20,0
Ticket_3847,21,7,debit_card,2025-03-03T10:36:54,192.168.1.8,1
Ticket_5505,21,2,credit_card,2025-03-17T10:36:54,192.168.1.2,0
Ticket_6607,21,10,credit_card,2025-03-02T10:36:54,192.168.1.20,1
Ticket_9695,21,3,credit_card,2025-03-16T10:36:54,192.168.1.17,0
Ticket_6337,21,3,paypal,2025-02-22T10:36:54,192.168.1.6,0
Ticket_5943,21,1,credit_card,2025-02-20T10:36:54,192.168.1.1,0
Ticket_8272,21,5,paypal,2025-02-23T10:36:54,192.168.1.19,0
Ticket_5065,21,3,credit_card,2025-03-01T10:36:54,192.168.1.6,0
Ticket_7989,21,7,debit_card,2025-02-25T10:36:54,192.168.1.4,0
Ticket_2962,21,10,debit_card,2025-03-08T10:36:54,192.168.1.20,0
Ticket_2801,21,10,debit_card,2025-03-16T10:36:54,192.168.1.9,0
Ticket_2018,21,9,paypal,2025-03-14T10:36:54,192.168.1.14,1
Ticket_2415,22,8,credit_card,2025-03-22T10:36:54,192.168.1.3,0
Ticket_6885,22,8,debit_card,2025-03-13T10:36:54,192.168.1.5,0
Ticket_1646,22,8,credit_card,2025-02-20T10:36:54,192.168.1.14,1
Ticket_2189,22,2,paypal,2025-03-14T10:36:54,192.168.1.10,0
Ticket_9929,22,5,paypal,2025-03-22T10:36:54,192.168.1.20,0
Ticket_4654,22,8,debit_card,2025-03-04T10:36:54,192.168.1.8,1
Ticket_3817,22,3,credit_card,2025-02-28T10:36:54,192.168.1.3,0
Ticket_1608,22,9,paypal,2025-03-04T10:36:54,192.168.1.12,0
Ticket_9342,22,10,paypal,2025-03-20T10:36:54,192.168.1.2,1
Ticket_5780,22,5,debit_card,2025-02-26T10:36:54,192.168.1.14,0
Ticket_2130,22,7,credit_card,2025-03-15T10:36:54,192.168.1.20,0
Ticket_6152,22,8,debit_card,2025-03-09T10:36:54,192.168.1.11,0
Ticket_6526,22,5,paypal,2025-02-27T10:36:54,192.168.1.3,0
Ticket_8154,22,1,credit_card,2025-03-16T10:36:54,192.168.1.19,0
Ticket_8376,22,7,credit_card,2025-03-06T10:36:54,192.168.1.5,1
Ticket_7148,22,7,credit_card,2025-03-13T10:36:54,192.168.1.7,1
Ticket_3352,22,8,paypal,2025-03-08T10:36:54,192.168.1.15,0
Ticket_6526,22,3,paypal,2025-03-12T10:36:54,192.168.1.7,1
Ticket_2748,22,8,credit_card,2025-02-20T10:36:54,192.168.1.8,0
Ticket_2418,22,1,paypal,2025-02-26T10:36:54,192.168.1.2,0
Ticket_1723,22,7,paypal,2025-03-01T10:36:54,192.168.1.8,0
Ticket_5648,22,5,debit_card,2025-02-28T10:36:54,192.168.1.5,0
Ticket_1634,22,8,paypal,2025-03-20T10:36:54,192.168.1.6,0
Ticket_6669,22,1,paypal,2025-03-12T10:36:54,192.168.1.17,1
Ticket_2125,22,8,credit_card,2025-03-06T10:36:54,192.168.1.4,0
Ticket_7233,22,10,credit_card,2025-03-09T10:36:54,192.168.1.5,0
Ticket_4186,22,10,paypal,2025-02-21T10:36:54,192.168.1.5,0
Ticket_3547,22,3,paypal,2025-03-04T10:36:54,192.168.1.15,0
Ticket_4333,22,7,debit_card,2025-03-21T10:36:54,192.168.1.18,0
Ticket_8483,22,5,paypal,2025-03-03T10:36:54,192.168.1.8,0
Ticket_6349,22,8,paypal,2025-02-28T10:36:54,192.168.1.8,0
Ticket_6272,22,6,paypal,2025-03-09T10:36:54,192.168.1.9,0
Ticket_2670,22,10,credit_card,2025-02-25T10:36:54,192.168.1.13,0
Ticket_8845,22,6,paypal,2025-03-08T10:36:54,192.168.1.4,0
Ticket_7831,22,4,credit_card,2025-03-17T10:36:54,192.168.1.8,0
Ticket_6651,22,7,credit_card,2025-03-09T10:36:54,192.168.1.6,0
Ticket_6441,22,10,credit_card,2025-02-21T10:36:54,192.168.1.20,0
Ticket_1449,22,6,debit_card,2025-02-24T10:36:54,192.168.1.12,1
Ticket_9441,22,2,paypal,2025-03-09T10:36:54,192.168.1.11,0
Ticket_7636,22,9,debit_card,2025-03-07T10:36:54,192.168.1.5,0
Ticket_3527,23,3,paypal,2025-03-11T10:36:54,192.168.1.18,0
Ticket_4160,23,3,debit_card,2025-03-01T10:36:54,192.168.1.8,0
Ticket_2542,23,3,credit_card,2025-02-26T10:36:54,192.168.1.4,0
Ticket_3181,23,5,credit_card,2025-02-27T10:36:54,192.168.1.10,0
Ticket_9825,23,9,credit_card,2025-02-25T10:36:54,192.168.1.15,0
Ticket_3279,23,6,credit_card,2025-02-21T10:36:54,192.168.1.8,0
Ticket_8266,23,10,credit_card,2025-03-03T10:36:54,192.168.1.16,1
Ticket_4930,23,6,credit_card,2025-03-09T10:36:54,192.168.1.9,0
Ticket_1351,23,9,paypal,2025-03-05T10:36:54,192.168.1.15,0
Ticket_3665,23,2,credit_card,2025-02-24T10:36:54,192.168.1.14,0
Ticket_8215,23,4,debit_card,2025-03-19T10:36:54,192.168.1.6,0
Ticket_2989,23,10,paypal,2025-02-23T10:36:54,192.168.1.12,0
Ticket_7368,23,10,debit_card,2025-03-20T10:36:54,192.168.1.7,0
Ticket_3384,23,4,credit_card,2025-03-17T10:36:54,192.168.1.16,0
Ticket_7252,23,9,credit_card,2025-02-26T10:36:54,192.168.1.6,0
Ticket_1629,23,6,debit_card,2025-03-07T10:36:54,192.168.1.6,0
Ticket_7473,23,4,credit_card,2025-03-21T10:36:54,192.168.1.18,0
Ticket_5451,23,6,paypal,2025-03-02T10:36:54,192.168.1.2,1
Ticket_1232,23,4,debit_card,2025-02-24T10:36:54,192.168.1.6,0
Ticket_1845,23,4,credit_card,2025-03-05T10:36:54,192.168.1.20,0
Ticket_1450,23,9,credit_card,2025-03-09T10:36:54,192.168.1.11,0
Ticket_6772,23,3,credit_card,2025-03-14T10:36:54,192.168.1.14,0
Ticket_8828,23,8,credit_card,2025-02-20T10:36:54,192.168.1.9,1
Ticket_8993,23,6,paypal,2025-02-27T10:36:54,192.168.1.17,1
Ticket_4240,23,7,debit_card,2025-03-08T10:36:54,192.168.1.18,0
Ticket_6332,23,7,paypal,2025-03-10T10:36:54,192.168.1.5,1
Ticket_9024,23,3,paypal,2025-03-03T10:36:54,192.168.1.6,0
Ticket_1573,23,2,credit_card,2025-03-12T10:36:54,192.168.1.3,0
Ticket_3608,23,1,credit_card,2025-02-21T10:36:54,192.168.1.9,0
Ticket_2317,23,10,credit_card,2025-03-06T10:36:54,192.168.1.15,1
Ticket_2497,23,6,paypal,2025-03-10T10:36:54,192.168.1.12,0
Ticket_9487,23,6,paypal,2025-03-05T10:36:54,192.168.1.7,0
Ticket_4820,23,10,credit_card,2025-02-21T10:36:54,192.168.1.15,1
Ticket_1482,23,6,debit_card,2025-02-27T10:36:54,192.168.1.9,1
Ticket_5587,23,5,credit_card,2025-03-08T10:36:54,192.168.1.3,0
Ticket_4113,23,1,credit_card,2025-03-02T10:36:54,192.168.1.11,1
Ticket_7869,23,6,credit_card,2025-02-26T10:36:54,192.168.1.8,0
Ticket_2217,23,10,credit_card,2025-03-14T10:36:54,192.168.1.9,1
Ticket_5609,23,4,debit_card,2025-02-23T10:36:54,192.168.1.6,1
Ticket_4613,23,8,debit_card,2025-02-20T10:36:54,192.168.1.16,1
Ticket_2722,24,2,debit_card,2025-03-05T10:36:54,192.168.1.6,0
Ticket_2761,24,2,debit_card,2025-03-13T10:36:54,192.168.1.9,0
Ticket_7685,24,2,paypal,2025-03-13T10:36:54,192.168.1.15,0
Ticket_1409,24,6,credit_card,2025-02-22T10:36:54,192.168.1.12,0
Ticket_1079,24,10,debit_card,2025-03-18T10:36:54,192.168.1.7,0
Ticket_4435,24,4,debit_card,2025-03-02T10:36:54,192.168.1.10,0
Ticket_5286,24,10,paypal,2025-03-12T10:36:54,192.168.1.6,0
Ticket_7882,24,2,debit_card,2025-03-03T10:36:54,192.168.1.3,0
Ticket_6120,24,7,paypal,2025-03-17T10:36:54,192.168.1.4,0
Ticket_7066,24,2,credit_card,2025-03-02T10:36:54,192.168.1.11,0
Ticket_6685,24,9,debit_card,2025-02-23T10:36:54,192.168.1.8,0
Ticket_6989,24,1,credit_card,2025-03-15T10:36:54,192.168.1.20,0
Ticket_8284,24,10,paypal,2025-03-10T10:36:54,192.168.1.20,1
Ticket_7878,24,4,debit_card,2025-03-10T10:36:54,192.168.1.2,0
Ticket_6317,24,1,debit_card,2025-02-26T10:36:54,192.168.1.16,1
Ticket_2935,24,9,credit_card,2025-02-24T10:36:54,192.168.1.9,0
Ticket_2853,24,7,paypal,2025-02-24T10:36:54,192.168.1.18,0
Ticket_5381,24,10,debit_card,2025-03-12T10:36:54,192.168.1.11,1
Ticket_3875,24,2,credit_card,2025-03-03T10:36:54,192.168.1.11,0
Ticket_6430,24,8,paypal,2025-03-17T10:36:54,192.168.1.6,1
Ticket_1219,24,6,debit_card,2025-03-19T10:36:54,192.168.1.12,0
Ticket_8329,24,4,credit_card,2025-03-11T10:36:54,192.168.1.8,0
Ticket_5671,24,5,paypal,2025-03-19T10:36:54,192.168.1.11,0
Ticket_4105,24,5,paypal,2025-02-21T10:36:54,192.168.1.11,0
Ticket_7426,24,4,debit_card,2025-03-06T10:36:54,192.168.1.9,1
Ticket_3802,24,6,paypal,2025-03-09T10:36:54,192.168.1.16,0
Ticket_2716,24,4,paypal,2025-02-27T10:36:54,192.168.1.16,0
Ticket_2826,24,5,debit_card,2025-03-06T10:36:54,192.168.1.15,0
Ticket_9367,24,2,credit_card,2025-03-04T10:36:54,192.168.1.3,0
Ticket_5215,24,3,credit_card,2025-03-20T10:36:54,192.168.1.16,0
Ticket_1449,24,6,paypal,2025-02-28T10:36:54,192.168.1.4,0
Ticket_6231,24,6,debit_card,2025-02-21T10:36:54,192.168.1.16,0
Ticket_1550,24,1,paypal,2025-03-11T10:36:54,192.168.1.17,1
Ticket_9483,24,3,debit_card,2025-03-14T10:36:54,192.168.1.14,0
Ticket_4313,24,9,debit_card,2025-03-10T10:36:54,192.168.1.2,1
Ticket_1283,24,4,debit_card,2025-03-22T10:36:54,192.168.1.3,0
Ticket_7912,24,9,paypal,2025-03-14T10:36:54,192.168.1.12,0
Ticket_5179,24,8,credit_card,2025-03-18T10:36:54,192.168.1.10,0
Ticket_7094,24,6,debit_card,2025-03-03T10:36:54,192.168.1.3,0
Ticket_6689,24,2,paypal,2025-03-13T10:36:54,192.168.1.20,0
Ticket_7075,25,7,paypal,2025-03-05T10:36:54,192.168.1.2,0
Ticket_8026,25,4,paypal,2025-03-01T10:36:54,192.168.1.4,0
Ticket_8110,25,10,debit_card,2025-03-12T10:36:54,192.168.1.5,0
Ticket_7275,25,6,paypal,2025-03-01T10:36:54,192.168.1.3,0
Ticket_5656,25,3,debit_card,2025-03-03T10:36:54,192.168.1.2,0
Ticket_7924,25,4,paypal,2025-03-17T10:36:54,192.168.1.4,0
Ticket_5756,25,7,debit_card,2025-03-06T10:36:54,192.168.1.8,1
Ticket_8239,25,4,paypal,2025-03-10T10:36:54,192.168.1.17,0
Ticket_4779,25,3,paypal,2025-03-10T10:36:54,192.168.1.17,0
Ticket_2973,25,6,credit_card,2025-02-21T10:36:54,192.168.1.2,0
Ticket_8976,25,6,paypal,2025-02-26T10:36:54,192.168.1.2,0
Ticket_3929,25,7,credit_card,2025-03-09T10:36:54,192.168.1.14,0
Ticket_2177,25,9,paypal,2025-03-19T10:36:54,192.168.1.17,0
Ticket_4046,25,3,paypal,2025-02-23T10:36:54,192.168.1.2,0
Ticket_9514,25,10,credit_card,2025-02-22T10:36:54,192.168.1.10,0
Ticket_1691,25,7,paypal,2025-03-16T10:36:54,192.168.1.13,1
Ticket_4274,25,7,credit_card,2025-02-22T10:36:54,192.168.1.17,0
Ticket_9349,25,10,debit_card,2025-03-17T10:36:54,192.168.1.10,0
Ticket_8039,25,7,credit_card,2025-03-22T10:36:54,192.168.1.7,0
Ticket_1645,25,4,debit_card,2025-03-08T10:36:54,192.168.1.11,0
Ticket_1619,25,2,paypal,2025-03-06T10:36:54,192.168.1.15,0
Ticket_9706,25,10,paypal,2025-03-18T10:36:54,192.168.1.18,0
Ticket_9526,25,2,debit_card,2025-03-04T10:36:54,192.168.1.8,0
Ticket_6867,25,2,paypal,2025-03-13T10:36:54,192.168.1.1,0
Ticket_4028,25,9,credit_card,2025-03-18T10:36:54,192.168.1.8,1
Ticket_6933,25,5,debit_card,2025-03-06T10:36:54,192.168.1.17,0
Ticket_4882,25,4,paypal,2025-03-13T10:36:54,192.168.1.13,0
Ticket_7645,25,5,debit_card,2025-03-05T10:36:54,192.168.1.17,0
Ticket_4825,25,10,debit_card,2025-03-06T10:36:54,192.168.1.3,0
Ticket_1077,25,8,paypal,2025-03-08T10:36:54,192.168.1.5,0
Ticket_1149,25,5,credit_card,2025-02-26T10:36:54,192.168.1.17,0
Ticket_1097,25,7,paypal,2025-02-28T10:36:54,192.168.1.1,0
Ticket_5533,25,4,paypal,2025-03-12T10:36:54,192.168.1.16,1
Ticket_3542,25,4,debit_card,2025-03-19T10:36:54,192.168.1.6,0
Ticket_8773,25,1,paypal,2025-02-22T10:36:54,192.168.1.19,0
Ticket_2938,25,1,credit_card,2025-02-23T10:36:54,192.168.1.9,0
Ticket_6634,25,1,debit_card,2025-03-02T10:36:54,192.168.1.3,0
Ticket_9609,25,3,credit_card,2025-02-27T10:36:54,192.168.1.7,1
Ticket_7718,25,3,debit_card,2025-03-17T10:36:54,192.168.1.20,1
Ticket_4690,25,10,debit_card,2025-02-22T10:36:54,192.168.1.20,0
