user_id,ticket_id,num_tickets,payment_method,booking_time,ip_address,is_fraud
1,Ticket_1195,3,credit_card,2025-02-23T09:08:45,192.168.1.4,0
1,Ticket_1211,3,paypal,2025-02-20T09:08:45,192.168.1.17,0
1,Ticket_8778,10,credit_card,2025-03-01T09:08:45,192.168.1.19,0
1,Ticket_5082,4,paypal,2025-03-21T09:08:45,192.168.1.7,0
1,Ticket_7968,7,credit_card,2025-03-05T09:08:45,192.168.1.17,0
1,Ticket_7381,5,paypal,2025-02-19T09:08:45,192.168.1.14,0
1,Ticket_4117,3,debit_card,2025-02-27T09:08:45,192.168.1.3,1
1,Ticket_6842,6,credit_card,2025-02-24T09:08:45,192.168.1.8,0
1,Ticket_7107,2,paypal,2025-03-18T09:08:45,192.168.1.4,1
1,Ticket_9490,10,debit_card,2025-03-14T09:08:45,192.168.1.20,0
1,Ticket_8110,7,credit_card,2025-02-20T09:08:45,192.168.1.3,0
1,Ticket_9770,2,debit_card,2025-02-20T09:08:45,192.168.1.3,0
1,Ticket_3334,8,debit_card,2025-03-02T09:08:45,192.168.1.19,0
1,Ticket_8108,6,debit_card,2025-03-15T09:08:45,192.168.1.19,0
1,Ticket_3218,8,credit_card,2025-03-06T09:08:45,192.168.1.12,0
1,Ticket_3841,10,credit_card,2025-02-23T09:08:45,192.168.1.3,0
1,Ticket_4815,4,paypal,2025-02-24T09:08:45,192.168.1.11,0
1,Ticket_5331,4,debit_card,2025-03-04T09:08:45,192.168.1.14,0
1,Ticket_6024,9,debit_card,2025-02-24T09:08:45,192.168.1.14,0
1,Ticket_1118,1,paypal,2025-03-21T09:08:45,192.168.1.13,0
1,Ticket_2756,2,debit_card,2025-02-21T09:08:45,192.168.1.4,1
1,Ticket_2362,6,paypal,2025-02-23T09:08:45,192.168.1.4,0
1,Ticket_1019,8,credit_card,2025-03-04T09:08:45,192.168.1.11,0
1,Ticket_5598,1,debit_card,2025-03-17T09:08:45,192.168.1.7,0
1,Ticket_8418,5,paypal,2025-03-08T09:08:45,192.168.1.19,1
1,Ticket_3260,9,debit_card,2025-02-25T09:08:45,192.168.1.5,0
1,Ticket_4396,10,paypal,2025-03-15T09:08:45,192.168.1.2,0
1,Ticket_3628,10,credit_card,2025-02-19T09:08:45,192.168.1.8,0
1,Ticket_2718,7,paypal,2025-02-28T09:08:45,192.168.1.17,0
1,Ticket_5357,8,debit_card,2025-03-06T09:08:45,192.168.1.20,0
1,Ticket_3515,9,paypal,2025-03-16T09:08:45,192.168.1.20,0
1,Ticket_4407,3,paypal,2025-03-05T09:08:45,192.168.1.9,0
1,Ticket_4934,1,paypal,2025-03-09T09:08:45,192.168.1.20,0
1,Ticket_3173,4,debit_card,2025-03-11T09:08:45,192.168.1.6,0
1,Ticket_7489,6,paypal,2025-02-27T09:08:45,192.168.1.2,0
1,Ticket_8592,4,credit_card,2025-03-11T09:08:45,192.168.1.4,1
1,Ticket_6510,9,credit_card,2025-03-01T09:08:45,192.168.1.20,0
1,Ticket_5518,4,credit_card,2025-02-24T09:08:45,192.168.1.17,0
1,Ticket_3175,1,credit_card,2025-03-09T09:08:45,192.168.1.14,0
1,Ticket_7225,1,debit_card,2025-03-07T09:08:45,192.168.1.9,0
2,Ticket_1577,1,credit_card,2025-03-18T09:08:45,192.168.1.5,1
2,Ticket_2254,8,debit_card,2025-03-15T09:08:45,192.168.1.7,0
2,Ticket_1103,10,debit_card,2025-03-19T09:08:45,192.168.1.7,0
2,Ticket_1310,3,debit_card,2025-03-18T09:08:45,192.168.1.18,0
2,Ticket_3601,3,credit_card,2025-03-02T09:08:45,192.168.1.19,1
2,Ticket_3155,5,credit_card,2025-03-02T09:08:45,192.168.1.6,0
2,Ticket_3742,3,credit_card,2025-02-25T09:08:45,192.168.1.7,0
2,Ticket_6356,2,debit_card,2025-02-28T09:08:45,192.168.1.18,0
2,Ticket_5584,7,debit_card,2025-02-23T09:08:45,192.168.1.6,0
2,Ticket_8159,9,credit_card,2025-02-21T09:08:45,192.168.1.5,0
2,Ticket_6423,3,debit_card,2025-03-13T09:08:45,192.168.1.7,0
2,Ticket_9814,2,credit_card,2025-03-14T09:08:45,192.168.1.7,0
2,Ticket_6255,2,credit_card,2025-03-16T09:08:45,192.168.1.15,0
2,Ticket_1440,8,paypal,2025-02-26T09:08:45,192.168.1.6,1
2,Ticket_1807,10,credit_card,2025-02-20T09:08:45,192.168.1.3,0
2,Ticket_3931,4,debit_card,2025-03-07T09:08:45,192.168.1.20,1
2,Ticket_1766,4,credit_card,2025-02-25T09:08:45,192.168.1.6,0
2,Ticket_5815,1,debit_card,2025-03-21T09:08:45,192.168.1.17,1
2,Ticket_7269,7,paypal,2025-03-01T09:08:45,192.168.1.17,1
2,Ticket_2089,6,credit_card,2025-03-11T09:08:45,192.168.1.4,0
2,Ticket_1129,4,paypal,2025-02-28T09:08:45,192.168.1.13,0
2,Ticket_6654,1,paypal,2025-03-18T09:08:45,192.168.1.7,0
2,Ticket_2829,5,debit_card,2025-03-13T09:08:45,192.168.1.8,0
2,Ticket_2198,4,paypal,2025-02-28T09:08:45,192.168.1.7,0
2,Ticket_4845,1,debit_card,2025-03-11T09:08:45,192.168.1.5,0
2,Ticket_5803,5,debit_card,2025-02-22T09:08:45,192.168.1.2,0
2,Ticket_8728,9,credit_card,2025-03-11T09:08:45,192.168.1.8,1
2,Ticket_8818,8,credit_card,2025-03-21T09:08:45,192.168.1.10,0
2,Ticket_2884,8,debit_card,2025-02-27T09:08:45,192.168.1.14,0
2,Ticket_8165,6,credit_card,2025-03-12T09:08:45,192.168.1.3,0
2,Ticket_2902,1,debit_card,2025-03-21T09:08:45,192.168.1.20,1
2,Ticket_6307,2,paypal,2025-02-25T09:08:45,192.168.1.2,0
2,Ticket_6682,10,debit_card,2025-03-20T09:08:45,192.168.1.9,0
2,Ticket_4268,9,paypal,2025-03-14T09:08:45,192.168.1.8,1
2,Ticket_7926,9,paypal,2025-03-07T09:08:45,192.168.1.9,1
2,Ticket_6235,8,paypal,2025-03-01T09:08:45,192.168.1.3,0
2,Ticket_9845,8,debit_card,2025-02-24T09:08:45,192.168.1.4,1
2,Ticket_2254,7,debit_card,2025-03-08T09:08:45,192.168.1.4,0
2,Ticket_1674,5,credit_card,2025-03-17T09:08:45,192.168.1.10,0
2,Ticket_6245,6,paypal,2025-02-23T09:08:45,192.168.1.5,0
3,Ticket_7336,6,debit_card,2025-02-23T09:08:45,192.168.1.3,0
3,Ticket_3517,10,debit_card,2025-03-20T09:08:45,192.168.1.8,0
3,Ticket_1189,2,debit_card,2025-02-20T09:08:45,192.168.1.8,0
3,Ticket_4661,3,debit_card,2025-02-25T09:08:45,192.168.1.8,0
3,Ticket_9756,1,paypal,2025-03-15T09:08:45,192.168.1.10,0
3,Ticket_6959,10,debit_card,2025-02-22T09:08:45,192.168.1.19,0
3,Ticket_3857,8,debit_card,2025-02-26T09:08:45,192.168.1.18,0
3,Ticket_4850,7,credit_card,2025-03-01T09:08:45,192.168.1.19,0
3,Ticket_2955,3,paypal,2025-03-18T09:08:45,192.168.1.6,0
3,Ticket_8425,4,paypal,2025-03-18T09:08:45,192.168.1.11,1
3,Ticket_9811,6,credit_card,2025-02-19T09:08:45,192.168.1.7,0
3,Ticket_6746,1,debit_card,2025-03-04T09:08:45,192.168.1.7,0
3,Ticket_9400,2,paypal,2025-03-16T09:08:45,192.168.1.20,1
3,Ticket_1126,6,credit_card,2025-03-04T09:08:45,192.168.1.10,0
3,Ticket_1315,4,paypal,2025-03-16T09:08:45,192.168.1.18,0
3,Ticket_7127,3,debit_card,2025-03-12T09:08:45,192.168.1.11,0
3,Ticket_3404,5,credit_card,2025-03-15T09:08:45,192.168.1.15,1
3,Ticket_4461,1,paypal,2025-02-23T09:08:45,192.168.1.19,0
3,Ticket_4011,8,debit_card,2025-02-21T09:08:45,192.168.1.11,0
3,Ticket_6853,9,debit_card,2025-03-05T09:08:45,192.168.1.10,1
3,Ticket_2972,6,paypal,2025-03-16T09:08:45,192.168.1.2,1
3,Ticket_7506,7,paypal,2025-03-05T09:08:45,192.168.1.12,0
3,Ticket_1423,10,debit_card,2025-02-26T09:08:45,192.168.1.17,0
3,Ticket_2851,1,credit_card,2025-02-23T09:08:45,192.168.1.13,0
3,Ticket_6552,4,debit_card,2025-03-15T09:08:45,192.168.1.12,1
3,Ticket_6771,6,paypal,2025-03-02T09:08:45,192.168.1.9,0
3,Ticket_8339,1,credit_card,2025-03-15T09:08:45,192.168.1.17,1
3,Ticket_6870,9,paypal,2025-03-20T09:08:45,192.168.1.20,0
3,Ticket_9870,3,credit_card,2025-02-19T09:08:45,192.168.1.15,0
3,Ticket_4579,10,credit_card,2025-03-13T09:08:45,192.168.1.11,0
3,Ticket_9182,9,credit_card,2025-02-23T09:08:45,192.168.1.16,1
3,Ticket_1310,1,credit_card,2025-03-08T09:08:45,192.168.1.6,0
3,Ticket_8392,6,credit_card,2025-03-19T09:08:45,192.168.1.11,1
3,Ticket_4479,2,debit_card,2025-03-15T09:08:45,192.168.1.15,0
3,Ticket_3764,3,paypal,2025-02-20T09:08:45,192.168.1.4,0
3,Ticket_3322,1,credit_card,2025-02-20T09:08:45,192.168.1.15,1
3,Ticket_6159,2,debit_card,2025-03-21T09:08:45,192.168.1.16,0
3,Ticket_8662,9,credit_card,2025-03-12T09:08:45,192.168.1.15,0
3,Ticket_3252,4,paypal,2025-03-19T09:08:45,192.168.1.20,1
3,Ticket_9971,8,credit_card,2025-03-05T09:08:45,192.168.1.11,0
4,Ticket_6361,2,paypal,2025-02-19T09:08:45,192.168.1.3,0
4,Ticket_5565,10,debit_card,2025-03-13T09:08:45,192.168.1.9,0
4,Ticket_4338,5,paypal,2025-03-09T09:08:45,192.168.1.2,0
4,Ticket_4852,10,credit_card,2025-03-19T09:08:45,192.168.1.10,0
4,Ticket_3948,2,paypal,2025-03-08T09:08:45,192.168.1.6,1
4,Ticket_3554,9,debit_card,2025-02-20T09:08:45,192.168.1.1,0
4,Ticket_6629,9,paypal,2025-03-10T09:08:45,192.168.1.7,0
4,Ticket_5368,2,paypal,2025-03-20T09:08:45,192.168.1.2,0
4,Ticket_3206,4,debit_card,2025-02-23T09:08:45,192.168.1.10,0
4,Ticket_5653,6,debit_card,2025-03-07T09:08:45,192.168.1.8,0
4,Ticket_8039,3,paypal,2025-02-19T09:08:45,192.168.1.10,0
4,Ticket_6787,7,credit_card,2025-02-21T09:08:45,192.168.1.5,0
4,Ticket_5807,10,debit_card,2025-03-11T09:08:45,192.168.1.11,0
4,Ticket_2152,8,credit_card,2025-03-05T09:08:45,192.168.1.16,0
4,Ticket_5814,9,credit_card,2025-02-27T09:08:45,192.168.1.18,0
4,Ticket_8028,7,credit_card,2025-03-07T09:08:45,192.168.1.3,0
4,Ticket_5934,8,debit_card,2025-03-06T09:08:45,192.168.1.1,0
4,Ticket_3406,9,paypal,2025-02-26T09:08:45,192.168.1.19,0
4,Ticket_1704,10,paypal,2025-03-19T09:08:45,192.168.1.19,0
4,Ticket_6112,1,credit_card,2025-02-21T09:08:45,192.168.1.2,1
4,Ticket_8294,4,paypal,2025-02-27T09:08:45,192.168.1.17,0
4,Ticket_1165,9,credit_card,2025-03-21T09:08:45,192.168.1.4,0
4,Ticket_6282,3,debit_card,2025-03-09T09:08:45,192.168.1.14,0
4,Ticket_1585,9,paypal,2025-02-19T09:08:45,192.168.1.2,0
4,Ticket_2981,2,credit_card,2025-02-24T09:08:45,192.168.1.4,0
4,Ticket_7066,5,debit_card,2025-03-09T09:08:45,192.168.1.15,0
4,Ticket_1711,4,debit_card,2025-03-12T09:08:45,192.168.1.1,0
4,Ticket_1706,4,credit_card,2025-02-22T09:08:45,192.168.1.9,0
4,Ticket_4781,6,paypal,2025-03-15T09:08:45,192.168.1.5,0
4,Ticket_5648,9,credit_card,2025-02-23T09:08:45,192.168.1.15,0
4,Ticket_6602,10,paypal,2025-03-19T09:08:45,192.168.1.2,0
4,Ticket_9842,1,credit_card,2025-03-08T09:08:45,192.168.1.7,0
4,Ticket_3255,6,debit_card,2025-03-04T09:08:45,192.168.1.20,1
4,Ticket_4836,1,credit_card,2025-03-14T09:08:45,192.168.1.9,0
4,Ticket_9694,4,credit_card,2025-02-26T09:08:45,192.168.1.19,0
4,Ticket_8501,5,debit_card,2025-03-05T09:08:45,192.168.1.3,0
4,Ticket_2132,9,debit_card,2025-03-15T09:08:45,192.168.1.3,0
4,Ticket_9306,5,paypal,2025-02-23T09:08:45,192.168.1.4,0
4,Ticket_8156,3,credit_card,2025-03-20T09:08:45,192.168.1.7,0
4,Ticket_8514,4,debit_card,2025-02-24T09:08:45,192.168.1.11,0
5,Ticket_1640,1,credit_card,2025-03-04T09:08:45,192.168.1.10,0
5,Ticket_1226,9,credit_card,2025-02-28T09:08:45,192.168.1.10,0
5,Ticket_2727,4,credit_card,2025-03-19T09:08:45,192.168.1.5,0
5,Ticket_3802,3,paypal,2025-03-18T09:08:45,192.168.1.15,0
5,Ticket_5884,6,paypal,2025-03-01T09:08:45,192.168.1.1,0
5,Ticket_8883,5,debit_card,2025-02-25T09:08:45,192.168.1.6,0
5,Ticket_5674,3,paypal,2025-02-27T09:08:45,192.168.1.8,0
5,Ticket_9008,1,paypal,2025-03-19T09:08:45,192.168.1.15,0
5,Ticket_6981,5,debit_card,2025-03-03T09:08:45,192.168.1.1,0
5,Ticket_7316,1,paypal,2025-03-14T09:08:45,192.168.1.11,0
5,Ticket_5416,10,paypal,2025-03-07T09:08:45,192.168.1.11,0
5,Ticket_5782,2,debit_card,2025-02-21T09:08:45,192.168.1.6,0
5,Ticket_2563,5,debit_card,2025-03-17T09:08:45,192.168.1.9,0
5,Ticket_5117,2,credit_card,2025-03-04T09:08:45,192.168.1.12,0
5,Ticket_1256,7,debit_card,2025-03-09T09:08:45,192.168.1.14,1
5,Ticket_5740,7,debit_card,2025-03-10T09:08:45,192.168.1.5,0
5,Ticket_2491,7,debit_card,2025-03-18T09:08:45,192.168.1.8,0
5,Ticket_7443,1,credit_card,2025-02-21T09:08:45,192.168.1.16,0
5,Ticket_6094,1,paypal,2025-03-18T09:08:45,192.168.1.14,0
5,Ticket_7297,1,debit_card,2025-03-09T09:08:45,192.168.1.15,0
5,Ticket_2359,3,paypal,2025-02-20T09:08:45,192.168.1.14,0
5,Ticket_2392,5,credit_card,2025-03-03T09:08:45,192.168.1.10,0
5,Ticket_5056,9,paypal,2025-02-20T09:08:45,192.168.1.6,0
5,Ticket_8241,4,credit_card,2025-03-20T09:08:45,192.168.1.17,1
5,Ticket_6936,10,paypal,2025-03-14T09:08:45,192.168.1.20,0
5,Ticket_7095,1,debit_card,2025-02-20T09:08:45,192.168.1.19,0
5,Ticket_1315,10,paypal,2025-02-28T09:08:45,192.168.1.8,0
5,Ticket_1701,6,paypal,2025-03-05T09:08:45,192.168.1.6,1
5,Ticket_2469,6,paypal,2025-02-25T09:08:45,192.168.1.17,0
5,Ticket_9121,4,debit_card,2025-03-20T09:08:45,192.168.1.16,0
5,Ticket_4249,5,paypal,2025-03-08T09:08:45,192.168.1.16,0
5,Ticket_3428,5,debit_card,2025-03-15T09:08:45,192.168.1.8,0
5,Ticket_6231,4,credit_card,2025-03-12T09:08:45,192.168.1.14,0
5,Ticket_2039,1,paypal,2025-03-09T09:08:45,192.168.1.12,0
5,Ticket_5548,7,paypal,2025-02-19T09:08:45,192.168.1.2,0
5,Ticket_3426,1,debit_card,2025-03-05T09:08:45,192.168.1.14,0
5,Ticket_6569,1,paypal,2025-02-26T09:08:45,192.168.1.12,0
5,Ticket_1722,3,debit_card,2025-03-05T09:08:45,192.168.1.15,1
5,Ticket_9246,8,debit_card,2025-03-02T09:08:45,192.168.1.13,0
5,Ticket_5573,9,paypal,2025-03-11T09:08:45,192.168.1.10,1
6,Ticket_6670,6,debit_card,2025-02-19T09:08:45,192.168.1.11,0
6,Ticket_8822,2,paypal,2025-03-13T09:08:45,192.168.1.14,1
6,Ticket_5376,5,debit_card,2025-03-19T09:08:45,192.168.1.12,1
6,Ticket_2837,9,debit_card,2025-03-02T09:08:45,192.168.1.6,0
6,Ticket_3090,10,debit_card,2025-03-10T09:08:45,192.168.1.18,0
6,Ticket_5320,4,credit_card,2025-03-10T09:08:45,192.168.1.16,0
6,Ticket_1113,6,debit_card,2025-03-14T09:08:45,192.168.1.6,0
6,Ticket_3514,5,credit_card,2025-02-20T09:08:45,192.168.1.5,0
6,Ticket_3843,4,credit_card,2025-02-27T09:08:45,192.168.1.3,0
6,Ticket_1695,3,paypal,2025-02-20T09:08:45,192.168.1.19,1
6,Ticket_1341,1,paypal,2025-03-18T09:08:45,192.168.1.16,1
6,Ticket_7915,5,debit_card,2025-03-13T09:08:45,192.168.1.14,1
6,Ticket_4362,6,debit_card,2025-03-19T09:08:45,192.168.1.20,0
6,Ticket_4646,5,credit_card,2025-02-21T09:08:45,192.168.1.19,1
6,Ticket_7696,4,paypal,2025-03-13T09:08:45,192.168.1.13,0
6,Ticket_8689,9,paypal,2025-03-11T09:08:45,192.168.1.14,0
6,Ticket_4707,10,debit_card,2025-02-24T09:08:45,192.168.1.5,0
6,Ticket_3124,6,debit_card,2025-02-21T09:08:45,192.168.1.9,0
6,Ticket_9954,6,paypal,2025-03-19T09:08:45,192.168.1.7,0
6,Ticket_1442,8,paypal,2025-03-09T09:08:45,192.168.1.18,0
6,Ticket_3720,10,paypal,2025-02-26T09:08:45,192.168.1.16,1
6,Ticket_4465,3,debit_card,2025-02-26T09:08:45,192.168.1.11,0
6,Ticket_4314,8,debit_card,2025-03-13T09:08:45,192.168.1.20,0
6,Ticket_2102,8,credit_card,2025-03-14T09:08:45,192.168.1.17,0
6,Ticket_7434,7,debit_card,2025-03-14T09:08:45,192.168.1.9,0
6,Ticket_2176,9,paypal,2025-03-05T09:08:45,192.168.1.12,0
6,Ticket_2438,1,paypal,2025-02-26T09:08:45,192.168.1.11,0
6,Ticket_8564,4,debit_card,2025-02-20T09:08:45,192.168.1.1,0
6,Ticket_8017,3,credit_card,2025-02-24T09:08:45,192.168.1.13,0
6,Ticket_8593,9,debit_card,2025-02-26T09:08:45,192.168.1.7,0
6,Ticket_8948,5,paypal,2025-03-09T09:08:45,192.168.1.5,0
6,Ticket_7918,6,paypal,2025-03-05T09:08:45,192.168.1.7,0
6,Ticket_4490,8,debit_card,2025-03-10T09:08:45,192.168.1.19,1
6,Ticket_8690,1,credit_card,2025-03-07T09:08:45,192.168.1.3,0
6,Ticket_5443,10,credit_card,2025-03-13T09:08:45,192.168.1.8,0
6,Ticket_9458,5,paypal,2025-02-20T09:08:45,192.168.1.2,1
6,Ticket_9496,4,debit_card,2025-02-25T09:08:45,192.168.1.3,0
6,Ticket_1578,7,credit_card,2025-02-25T09:08:45,192.168.1.18,0
6,Ticket_1818,9,credit_card,2025-03-14T09:08:45,192.168.1.11,0
6,Ticket_9390,4,debit_card,2025-03-04T09:08:45,192.168.1.5,0
7,Ticket_2545,10,debit_card,2025-03-04T09:08:45,192.168.1.11,0
7,Ticket_2604,1,credit_card,2025-03-03T09:08:45,192.168.1.9,0
7,Ticket_5297,6,paypal,2025-03-05T09:08:45,192.168.1.19,1
7,Ticket_7673,1,paypal,2025-03-17T09:08:45,192.168.1.8,0
7,Ticket_7246,8,debit_card,2025-03-11T09:08:45,192.168.1.9,1
7,Ticket_8081,3,credit_card,2025-03-12T09:08:45,192.168.1.4,0
7,Ticket_1684,7,paypal,2025-03-02T09:08:45,192.168.1.13,0
7,Ticket_6309,4,debit_card,2025-03-20T09:08:45,192.168.1.9,0
7,Ticket_4146,8,debit_card,2025-03-10T09:08:45,192.168.1.9,0
7,Ticket_3256,10,paypal,2025-03-17T09:08:45,192.168.1.4,1
7,Ticket_5623,6,debit_card,2025-03-19T09:08:45,192.168.1.4,0
7,Ticket_6164,9,paypal,2025-03-21T09:08:45,192.168.1.19,0
7,Ticket_4164,10,credit_card,2025-03-03T09:08:45,192.168.1.5,0
7,Ticket_3447,3,paypal,2025-02-19T09:08:45,192.168.1.8,0
7,Ticket_8263,1,debit_card,2025-03-05T09:08:45,192.168.1.3,0
7,Ticket_8444,1,credit_card,2025-03-17T09:08:45,192.168.1.3,0
7,Ticket_9957,4,paypal,2025-03-18T09:08:45,192.168.1.18,0
7,Ticket_8612,8,paypal,2025-02-19T09:08:45,192.168.1.11,0
7,Ticket_5446,4,debit_card,2025-03-12T09:08:45,192.168.1.14,1
7,Ticket_8510,9,credit_card,2025-02-27T09:08:45,192.168.1.2,0
7,Ticket_9199,2,debit_card,2025-02-22T09:08:45,192.168.1.2,0
7,Ticket_1815,1,paypal,2025-03-04T09:08:45,192.168.1.2,0
7,Ticket_1109,1,debit_card,2025-03-14T09:08:45,192.168.1.1,1
7,Ticket_8388,3,paypal,2025-03-06T09:08:45,192.168.1.20,0
7,Ticket_3680,10,paypal,2025-03-09T09:08:45,192.168.1.13,0
7,Ticket_9121,9,paypal,2025-03-05T09:08:45,192.168.1.2,0
7,Ticket_4052,9,debit_card,2025-03-05T09:08:45,192.168.1.2,0
7,Ticket_7669,5,credit_card,2025-03-12T09:08:45,192.168.1.7,0
7,Ticket_2469,9,paypal,2025-02-23T09:08:45,192.168.1.10,0
7,Ticket_3819,9,debit_card,2025-02-20T09:08:45,192.168.1.12,0
7,Ticket_1687,3,paypal,2025-03-14T09:08:45,192.168.1.7,0
7,Ticket_4728,6,paypal,2025-03-21T09:08:45,192.168.1.6,0
7,Ticket_6931,6,debit_card,2025-03-19T09:08:45,192.168.1.2,0
7,Ticket_8716,3,paypal,2025-03-10T09:08:45,192.168.1.20,0
7,Ticket_3053,2,credit_card,2025-02-19T09:08:45,192.168.1.18,0
7,Ticket_5020,1,paypal,2025-03-02T09:08:45,192.168.1.15,0
7,Ticket_7077,5,credit_card,2025-02-20T09:08:45,192.168.1.10,1
7,Ticket_7580,9,debit_card,2025-03-13T09:08:45,192.168.1.11,0
7,Ticket_8036,6,paypal,2025-03-16T09:08:45,192.168.1.11,0
7,Ticket_3678,10,debit_card,2025-02-26T09:08:45,192.168.1.4,0
8,Ticket_2716,6,debit_card,2025-03-16T09:08:45,192.168.1.3,0
8,Ticket_8695,1,debit_card,2025-03-16T09:08:45,192.168.1.2,0
8,Ticket_2723,6,debit_card,2025-03-05T09:08:45,192.168.1.12,0
8,Ticket_9748,8,credit_card,2025-03-09T09:08:45,192.168.1.13,0
8,Ticket_9171,3,credit_card,2025-02-27T09:08:45,192.168.1.17,0
8,Ticket_5590,1,debit_card,2025-02-27T09:08:45,192.168.1.6,0
8,Ticket_3519,5,paypal,2025-02-24T09:08:45,192.168.1.12,0
8,Ticket_2731,9,paypal,2025-03-19T09:08:45,192.168.1.18,0
8,Ticket_3744,7,credit_card,2025-03-12T09:08:45,192.168.1.18,0
8,Ticket_6948,1,paypal,2025-03-13T09:08:45,192.168.1.12,0
8,Ticket_6522,2,debit_card,2025-02-25T09:08:45,192.168.1.1,0
8,Ticket_1353,9,debit_card,2025-02-23T09:08:45,192.168.1.15,1
8,Ticket_6651,5,debit_card,2025-03-02T09:08:45,192.168.1.14,0
8,Ticket_2633,6,credit_card,2025-03-21T09:08:45,192.168.1.18,0
8,Ticket_8172,2,paypal,2025-03-05T09:08:45,192.168.1.18,0
8,Ticket_1285,1,debit_card,2025-03-11T09:08:45,192.168.1.9,0
8,Ticket_6608,10,debit_card,2025-03-08T09:08:45,192.168.1.5,1
8,Ticket_5936,3,credit_card,2025-03-09T09:08:45,192.168.1.12,1
8,Ticket_4992,10,debit_card,2025-02-23T09:08:45,192.168.1.17,0
8,Ticket_5099,8,credit_card,2025-03-15T09:08:45,192.168.1.15,0
8,Ticket_4936,2,paypal,2025-02-23T09:08:45,192.168.1.7,0
8,Ticket_2702,2,debit_card,2025-03-07T09:08:45,192.168.1.15,0
8,Ticket_2409,7,credit_card,2025-03-07T09:08:45,192.168.1.11,0
8,Ticket_1892,1,credit_card,2025-02-27T09:08:45,192.168.1.14,0
8,Ticket_7337,7,credit_card,2025-03-05T09:08:45,192.168.1.10,0
8,Ticket_8570,7,credit_card,2025-03-17T09:08:45,192.168.1.2,0
8,Ticket_3345,2,credit_card,2025-03-07T09:08:45,192.168.1.17,0
8,Ticket_7770,2,debit_card,2025-02-28T09:08:45,192.168.1.7,0
8,Ticket_1823,7,credit_card,2025-03-02T09:08:45,192.168.1.1,0
8,Ticket_9738,2,credit_card,2025-02-28T09:08:45,192.168.1.11,0
8,Ticket_9721,7,paypal,2025-03-21T09:08:45,192.168.1.8,1
8,Ticket_3942,1,credit_card,2025-03-05T09:08:45,192.168.1.14,0
8,Ticket_1834,3,debit_card,2025-02-23T09:08:45,192.168.1.7,1
8,Ticket_4411,8,credit_card,2025-03-02T09:08:45,192.168.1.18,0
8,Ticket_4444,9,debit_card,2025-02-19T09:08:45,192.168.1.4,0
8,Ticket_9364,5,credit_card,2025-03-07T09:08:45,192.168.1.9,0
8,Ticket_3920,1,credit_card,2025-03-19T09:08:45,192.168.1.18,0
8,Ticket_1089,6,credit_card,2025-03-07T09:08:45,192.168.1.12,0
8,Ticket_5729,1,debit_card,2025-03-16T09:08:45,192.168.1.10,0
8,Ticket_1366,3,debit_card,2025-03-09T09:08:45,192.168.1.13,0
9,Ticket_6214,9,debit_card,2025-03-20T09:08:45,192.168.1.10,1
9,Ticket_6234,6,credit_card,2025-03-05T09:08:45,192.168.1.6,0
9,Ticket_9392,8,debit_card,2025-03-12T09:08:45,192.168.1.9,1
9,Ticket_2646,10,credit_card,2025-03-14T09:08:45,192.168.1.8,0
9,Ticket_5047,4,credit_card,2025-03-08T09:08:45,192.168.1.19,0
9,Ticket_9679,8,paypal,2025-02-23T09:08:45,192.168.1.10,0
9,Ticket_7503,10,credit_card,2025-03-02T09:08:45,192.168.1.6,0
9,Ticket_9374,10,credit_card,2025-03-07T09:08:45,192.168.1.8,0
9,Ticket_2065,3,debit_card,2025-03-09T09:08:45,192.168.1.8,0
9,Ticket_1063,7,credit_card,2025-03-02T09:08:45,192.168.1.10,1
9,Ticket_8842,7,credit_card,2025-03-10T09:08:45,192.168.1.14,0
9,Ticket_9723,8,credit_card,2025-03-17T09:08:45,192.168.1.14,0
9,Ticket_7617,2,credit_card,2025-03-08T09:08:45,192.168.1.16,0
9,Ticket_8467,6,credit_card,2025-03-07T09:08:45,192.168.1.3,1
9,Ticket_1062,8,credit_card,2025-02-24T09:08:45,192.168.1.18,0
9,Ticket_4061,4,credit_card,2025-03-14T09:08:45,192.168.1.10,0
9,Ticket_8717,7,credit_card,2025-03-16T09:08:45,192.168.1.10,0
9,Ticket_9796,3,debit_card,2025-03-08T09:08:45,192.168.1.9,0
9,Ticket_9575,8,paypal,2025-02-28T09:08:45,192.168.1.19,0
9,Ticket_7457,5,paypal,2025-03-01T09:08:45,192.168.1.10,0
9,Ticket_6502,9,paypal,2025-03-01T09:08:45,192.168.1.16,0
9,Ticket_1739,1,paypal,2025-03-09T09:08:45,192.168.1.17,0
9,Ticket_4739,10,paypal,2025-03-18T09:08:45,192.168.1.8,1
9,Ticket_3814,4,credit_card,2025-03-06T09:08:45,192.168.1.15,0
9,Ticket_7768,8,credit_card,2025-02-23T09:08:45,192.168.1.11,0
9,Ticket_4674,9,debit_card,2025-03-03T09:08:45,192.168.1.10,1
9,Ticket_5391,4,debit_card,2025-02-27T09:08:45,192.168.1.3,0
9,Ticket_5541,6,debit_card,2025-03-02T09:08:45,192.168.1.7,0
9,Ticket_2145,5,debit_card,2025-02-24T09:08:45,192.168.1.13,0
9,Ticket_9641,7,credit_card,2025-03-09T09:08:45,192.168.1.20,0
9,Ticket_1633,8,credit_card,2025-03-05T09:08:45,192.168.1.15,0
9,Ticket_7881,1,paypal,2025-03-02T09:08:45,192.168.1.5,0
9,Ticket_1136,10,credit_card,2025-03-11T09:08:45,192.168.1.11,0
9,Ticket_9817,10,debit_card,2025-03-01T09:08:45,192.168.1.12,1
9,Ticket_4819,7,paypal,2025-03-19T09:08:45,192.168.1.16,0
9,Ticket_4156,7,debit_card,2025-03-13T09:08:45,192.168.1.9,0
9,Ticket_8812,3,debit_card,2025-03-10T09:08:45,192.168.1.8,0
9,Ticket_6447,7,credit_card,2025-03-10T09:08:45,192.168.1.11,0
9,Ticket_4233,7,paypal,2025-03-16T09:08:45,192.168.1.3,1
9,Ticket_6248,10,paypal,2025-03-01T09:08:45,192.168.1.4,0
10,Ticket_7630,4,credit_card,2025-02-25T09:08:45,192.168.1.17,0
10,Ticket_5333,9,paypal,2025-02-19T09:08:45,192.168.1.15,0
10,Ticket_6966,6,credit_card,2025-02-24T09:08:45,192.168.1.7,0
10,Ticket_5566,5,paypal,2025-03-12T09:08:45,192.168.1.2,0
10,Ticket_7704,9,paypal,2025-02-23T09:08:45,192.168.1.8,0
10,Ticket_9435,7,paypal,2025-03-08T09:08:45,192.168.1.15,0
10,Ticket_5981,9,paypal,2025-03-18T09:08:45,192.168.1.2,0
10,Ticket_8072,2,paypal,2025-02-20T09:08:45,192.168.1.7,1
10,Ticket_5748,2,credit_card,2025-03-19T09:08:45,192.168.1.2,0
10,Ticket_8549,1,debit_card,2025-02-22T09:08:45,192.168.1.12,0
10,Ticket_6540,8,credit_card,2025-03-05T09:08:45,192.168.1.7,0
10,Ticket_1198,5,debit_card,2025-02-26T09:08:45,192.168.1.12,0
10,Ticket_3400,6,debit_card,2025-03-18T09:08:45,192.168.1.2,0
10,Ticket_3311,2,credit_card,2025-03-06T09:08:45,192.168.1.3,1
10,Ticket_5831,9,paypal,2025-03-04T09:08:45,192.168.1.4,1
10,Ticket_2666,7,credit_card,2025-02-28T09:08:45,192.168.1.16,0
10,Ticket_3183,4,credit_card,2025-03-05T09:08:45,192.168.1.10,0
10,Ticket_1253,4,paypal,2025-02-20T09:08:45,192.168.1.17,0
10,Ticket_5460,9,credit_card,2025-03-13T09:08:45,192.168.1.15,1
10,Ticket_1301,9,credit_card,2025-03-18T09:08:45,192.168.1.17,0
10,Ticket_4229,8,debit_card,2025-03-17T09:08:45,192.168.1.1,0
10,Ticket_3453,9,debit_card,2025-02-19T09:08:45,192.168.1.12,0
10,Ticket_5978,2,credit_card,2025-03-16T09:08:45,192.168.1.4,0
10,Ticket_4319,10,debit_card,2025-03-11T09:08:45,192.168.1.11,0
10,Ticket_9822,1,paypal,2025-03-08T09:08:45,192.168.1.7,1
10,Ticket_8554,7,debit_card,2025-03-09T09:08:45,192.168.1.3,0
10,Ticket_2437,3,debit_card,2025-03-16T09:08:45,192.168.1.14,0
10,Ticket_1944,4,debit_card,2025-02-23T09:08:45,192.168.1.12,0
10,Ticket_9024,1,paypal,2025-03-09T09:08:45,192.168.1.5,0
10,Ticket_9542,7,credit_card,2025-03-06T09:08:45,192.168.1.4,0
10,Ticket_3238,3,debit_card,2025-03-07T09:08:45,192.168.1.14,0
10,Ticket_2177,6,debit_card,2025-03-07T09:08:45,192.168.1.4,0
10,Ticket_1783,8,paypal,2025-03-06T09:08:45,192.168.1.16,0
10,Ticket_3587,6,credit_card,2025-03-20T09:08:45,192.168.1.5,0
10,Ticket_3676,1,debit_card,2025-02-21T09:08:45,192.168.1.16,0
10,Ticket_2021,3,debit_card,2025-03-12T09:08:45,192.168.1.3,0
10,Ticket_9846,10,debit_card,2025-03-02T09:08:45,192.168.1.4,0
10,Ticket_9460,1,credit_card,2025-03-04T09:08:45,192.168.1.10,0
10,Ticket_8576,9,paypal,2025-02-23T09:08:45,192.168.1.7,0
10,Ticket_4391,2,debit_card,2025-03-18T09:08:45,192.168.1.12,0
11,Ticket_9751,5,debit_card,2025-02-22T09:08:45,192.168.1.19,1
11,Ticket_4778,1,debit_card,2025-03-15T09:08:45,192.168.1.12,0
11,Ticket_9249,5,debit_card,2025-02-21T09:08:45,192.168.1.14,0
11,Ticket_5472,6,paypal,2025-02-22T09:08:45,192.168.1.14,0
11,Ticket_3894,10,paypal,2025-02-19T09:08:45,192.168.1.14,0
11,Ticket_7564,5,paypal,2025-03-16T09:08:45,192.168.1.4,0
11,Ticket_5422,1,paypal,2025-03-10T09:08:45,192.168.1.18,0
11,Ticket_4752,6,debit_card,2025-03-14T09:08:45,192.168.1.9,0
11,Ticket_5537,1,debit_card,2025-03-06T09:08:45,192.168.1.12,0
11,Ticket_3533,3,credit_card,2025-03-01T09:08:45,192.168.1.10,0
11,Ticket_8490,10,credit_card,2025-03-18T09:08:45,192.168.1.14,1
11,Ticket_6683,8,paypal,2025-03-10T09:08:45,192.168.1.1,0
11,Ticket_2595,10,credit_card,2025-03-07T09:08:45,192.168.1.5,0
11,Ticket_3780,2,credit_card,2025-03-05T09:08:45,192.168.1.16,0
11,Ticket_2806,10,debit_card,2025-03-18T09:08:45,192.168.1.14,0
11,Ticket_2057,5,paypal,2025-03-09T09:08:45,192.168.1.6,0
11,Ticket_5583,10,debit_card,2025-03-05T09:08:45,192.168.1.7,1
11,Ticket_7470,3,debit_card,2025-03-15T09:08:45,192.168.1.14,0
11,Ticket_8944,6,credit_card,2025-02-26T09:08:45,192.168.1.8,0
11,Ticket_1972,5,paypal,2025-02-25T09:08:45,192.168.1.4,1
11,Ticket_1011,1,credit_card,2025-03-12T09:08:45,192.168.1.2,0
11,Ticket_2549,3,paypal,2025-03-20T09:08:45,192.168.1.7,0
11,Ticket_9792,4,paypal,2025-03-06T09:08:45,192.168.1.3,1
11,Ticket_7700,2,paypal,2025-02-27T09:08:45,192.168.1.13,0
11,Ticket_7948,7,debit_card,2025-03-12T09:08:45,192.168.1.17,1
11,Ticket_1400,4,paypal,2025-02-19T09:08:45,192.168.1.15,0
11,Ticket_7273,5,debit_card,2025-03-12T09:08:45,192.168.1.1,0
11,Ticket_4909,2,paypal,2025-03-02T09:08:45,192.168.1.1,0
11,Ticket_5673,2,credit_card,2025-03-01T09:08:45,192.168.1.14,0
11,Ticket_1632,8,credit_card,2025-02-23T09:08:45,192.168.1.16,0
11,Ticket_9309,2,credit_card,2025-03-20T09:08:45,192.168.1.6,0
11,Ticket_6130,10,credit_card,2025-03-13T09:08:45,192.168.1.3,1
11,Ticket_7422,1,credit_card,2025-02-25T09:08:45,192.168.1.11,0
11,Ticket_6001,10,paypal,2025-03-08T09:08:45,192.168.1.17,0
11,Ticket_8781,8,credit_card,2025-02-27T09:08:45,192.168.1.19,0
11,Ticket_7640,3,credit_card,2025-02-23T09:08:45,192.168.1.10,0
11,Ticket_7707,3,debit_card,2025-03-06T09:08:45,192.168.1.19,0
11,Ticket_6039,6,paypal,2025-03-12T09:08:45,192.168.1.1,0
11,Ticket_9857,6,credit_card,2025-03-05T09:08:45,192.168.1.11,0
11,Ticket_8291,7,debit_card,2025-03-01T09:08:45,192.168.1.17,0
12,Ticket_7440,8,credit_card,2025-02-20T09:08:45,192.168.1.15,0
12,Ticket_5753,1,credit_card,2025-03-13T09:08:45,192.168.1.15,0
12,Ticket_6506,8,paypal,2025-02-26T09:08:45,192.168.1.10,0
12,Ticket_2170,10,debit_card,2025-02-23T09:08:45,192.168.1.7,0
12,Ticket_1260,8,debit_card,2025-03-13T09:08:45,192.168.1.9,1
12,Ticket_4015,6,debit_card,2025-02-24T09:08:45,192.168.1.3,0
12,Ticket_1556,7,credit_card,2025-02-22T09:08:45,192.168.1.11,0
12,Ticket_5270,2,credit_card,2025-03-17T09:08:45,192.168.1.20,0
12,Ticket_5356,6,debit_card,2025-03-19T09:08:45,192.168.1.8,0
12,Ticket_7590,1,paypal,2025-03-05T09:08:45,192.168.1.20,1
12,Ticket_5036,6,debit_card,2025-03-05T09:08:45,192.168.1.2,0
12,Ticket_4586,1,debit_card,2025-02-26T09:08:45,192.168.1.6,0
12,Ticket_1761,7,paypal,2025-02-24T09:08:45,192.168.1.10,0
12,Ticket_5605,4,credit_card,2025-03-09T09:08:45,192.168.1.6,0
12,Ticket_7035,7,debit_card,2025-03-10T09:08:45,192.168.1.7,0
12,Ticket_4307,5,paypal,2025-03-21T09:08:45,192.168.1.1,0
12,Ticket_5986,3,paypal,2025-03-03T09:08:45,192.168.1.10,0
12,Ticket_2133,6,paypal,2025-03-18T09:08:45,192.168.1.17,1
12,Ticket_5721,1,credit_card,2025-03-13T09:08:45,192.168.1.19,0
12,Ticket_8635,5,debit_card,2025-02-20T09:08:45,192.168.1.15,0
12,Ticket_3475,4,credit_card,2025-03-04T09:08:45,192.168.1.16,0
12,Ticket_8645,10,debit_card,2025-03-17T09:08:45,192.168.1.16,1
12,Ticket_8234,1,paypal,2025-02-27T09:08:45,192.168.1.15,1
12,Ticket_7281,5,debit_card,2025-03-12T09:08:45,192.168.1.4,0
12,Ticket_2067,7,credit_card,2025-03-16T09:08:45,192.168.1.11,0
12,Ticket_3306,1,credit_card,2025-03-05T09:08:45,192.168.1.8,1
12,Ticket_4205,1,debit_card,2025-03-12T09:08:45,192.168.1.8,1
12,Ticket_3119,1,debit_card,2025-02-19T09:08:45,192.168.1.9,0
12,Ticket_1713,8,paypal,2025-02-23T09:08:45,192.168.1.8,0
12,Ticket_3349,5,paypal,2025-03-02T09:08:45,192.168.1.17,0
12,Ticket_9273,3,debit_card,2025-03-16T09:08:45,192.168.1.2,1
12,Ticket_6799,2,debit_card,2025-03-21T09:08:45,192.168.1.19,0
12,Ticket_4559,6,credit_card,2025-03-08T09:08:45,192.168.1.11,0
12,Ticket_1294,5,debit_card,2025-02-26T09:08:45,192.168.1.1,0
12,Ticket_5491,2,debit_card,2025-03-09T09:08:45,192.168.1.13,0
12,Ticket_3527,5,credit_card,2025-03-10T09:08:45,192.168.1.14,0
12,Ticket_7443,8,credit_card,2025-03-19T09:08:45,192.168.1.13,1
12,Ticket_4921,8,debit_card,2025-02-23T09:08:45,192.168.1.18,1
12,Ticket_9525,2,paypal,2025-02-21T09:08:45,192.168.1.19,0
12,Ticket_1646,7,debit_card,2025-03-06T09:08:45,192.168.1.9,0
13,Ticket_6235,9,paypal,2025-03-13T09:08:45,192.168.1.8,0
13,Ticket_6965,5,debit_card,2025-03-05T09:08:45,192.168.1.4,0
13,Ticket_9268,9,credit_card,2025-03-17T09:08:45,192.168.1.12,0
13,Ticket_2361,4,credit_card,2025-03-06T09:08:45,192.168.1.13,0
13,Ticket_7647,3,debit_card,2025-03-08T09:08:45,192.168.1.14,0
13,Ticket_8496,2,debit_card,2025-03-12T09:08:45,192.168.1.20,0
13,Ticket_2970,5,paypal,2025-02-26T09:08:45,192.168.1.9,0
13,Ticket_2535,1,debit_card,2025-03-21T09:08:45,192.168.1.9,1
13,Ticket_2543,6,credit_card,2025-03-10T09:08:45,192.168.1.10,0
13,Ticket_9215,6,credit_card,2025-03-13T09:08:45,192.168.1.5,0
13,Ticket_6163,6,paypal,2025-03-17T09:08:45,192.168.1.16,0
13,Ticket_6832,7,paypal,2025-03-11T09:08:45,192.168.1.3,0
13,Ticket_6310,4,credit_card,2025-03-05T09:08:45,192.168.1.19,0
13,Ticket_1548,7,credit_card,2025-02-24T09:08:45,192.168.1.13,0
13,Ticket_3122,8,paypal,2025-03-19T09:08:45,192.168.1.20,0
13,Ticket_5649,4,credit_card,2025-03-12T09:08:45,192.168.1.10,0
13,Ticket_1159,2,credit_card,2025-03-15T09:08:45,192.168.1.12,0
13,Ticket_1970,10,paypal,2025-03-19T09:08:45,192.168.1.13,0
13,Ticket_1320,9,credit_card,2025-02-27T09:08:45,192.168.1.10,0
13,Ticket_8527,10,credit_card,2025-03-04T09:08:45,192.168.1.17,0
13,Ticket_7616,1,debit_card,2025-03-08T09:08:45,192.168.1.18,0
13,Ticket_2164,9,debit_card,2025-02-21T09:08:45,192.168.1.12,1
13,Ticket_4842,9,paypal,2025-03-01T09:08:45,192.168.1.6,0
13,Ticket_7180,8,paypal,2025-03-04T09:08:45,192.168.1.12,0
13,Ticket_1664,2,paypal,2025-02-23T09:08:45,192.168.1.3,1
13,Ticket_1456,5,credit_card,2025-03-13T09:08:45,192.168.1.10,0
13,Ticket_5636,2,credit_card,2025-03-04T09:08:45,192.168.1.12,0
13,Ticket_7089,1,paypal,2025-02-27T09:08:45,192.168.1.8,0
13,Ticket_2543,4,credit_card,2025-02-21T09:08:45,192.168.1.14,1
13,Ticket_9445,9,credit_card,2025-02-20T09:08:45,192.168.1.19,0
13,Ticket_6420,3,paypal,2025-03-11T09:08:45,192.168.1.19,0
13,Ticket_5094,4,debit_card,2025-02-19T09:08:45,192.168.1.7,0
13,Ticket_7161,4,credit_card,2025-03-07T09:08:45,192.168.1.19,0
13,Ticket_5732,5,paypal,2025-03-17T09:08:45,192.168.1.2,0
13,Ticket_9134,8,debit_card,2025-03-05T09:08:45,192.168.1.13,0
13,Ticket_8887,8,credit_card,2025-03-04T09:08:45,192.168.1.10,0
13,Ticket_8096,5,debit_card,2025-03-07T09:08:45,192.168.1.6,0
13,Ticket_9899,1,paypal,2025-03-15T09:08:45,192.168.1.1,1
13,Ticket_5648,10,paypal,2025-03-15T09:08:45,192.168.1.16,0
13,Ticket_7959,5,credit_card,2025-03-16T09:08:45,192.168.1.14,0
14,Ticket_9246,1,paypal,2025-02-23T09:08:45,192.168.1.15,0
14,Ticket_5225,4,debit_card,2025-03-07T09:08:45,192.168.1.5,1
14,Ticket_9145,3,paypal,2025-02-25T09:08:45,192.168.1.10,0
14,Ticket_1360,5,credit_card,2025-02-24T09:08:45,192.168.1.1,1
14,Ticket_4018,10,paypal,2025-03-20T09:08:45,192.168.1.5,0
14,Ticket_8292,8,paypal,2025-03-16T09:08:45,192.168.1.9,0
14,Ticket_9199,6,debit_card,2025-02-28T09:08:45,192.168.1.20,0
14,Ticket_6520,8,credit_card,2025-03-03T09:08:45,192.168.1.16,0
14,Ticket_6594,9,debit_card,2025-03-05T09:08:45,192.168.1.18,0
14,Ticket_9453,7,debit_card,2025-02-19T09:08:45,192.168.1.4,0
14,Ticket_3310,6,credit_card,2025-02-25T09:08:45,192.168.1.20,1
14,Ticket_8948,2,credit_card,2025-02-27T09:08:45,192.168.1.3,0
14,Ticket_8512,10,debit_card,2025-03-12T09:08:45,192.168.1.20,0
14,Ticket_9567,9,paypal,2025-02-25T09:08:45,192.168.1.13,0
14,Ticket_6977,4,credit_card,2025-03-13T09:08:45,192.168.1.19,0
14,Ticket_7189,2,paypal,2025-02-21T09:08:45,192.168.1.18,1
14,Ticket_1834,8,debit_card,2025-03-18T09:08:45,192.168.1.16,0
14,Ticket_4310,8,credit_card,2025-03-21T09:08:45,192.168.1.18,1
14,Ticket_1857,4,credit_card,2025-03-16T09:08:45,192.168.1.11,0
14,Ticket_8916,4,debit_card,2025-02-23T09:08:45,192.168.1.6,0
14,Ticket_1819,10,paypal,2025-03-13T09:08:45,192.168.1.20,1
14,Ticket_5525,2,paypal,2025-02-21T09:08:45,192.168.1.3,0
14,Ticket_4696,10,paypal,2025-03-12T09:08:45,192.168.1.17,0
14,Ticket_2669,2,credit_card,2025-02-20T09:08:45,192.168.1.14,0
14,Ticket_3183,10,credit_card,2025-02-21T09:08:45,192.168.1.8,1
14,Ticket_2151,3,debit_card,2025-02-26T09:08:45,192.168.1.20,1
14,Ticket_1076,3,credit_card,2025-02-22T09:08:45,192.168.1.18,0
14,Ticket_4936,10,paypal,2025-03-02T09:08:45,192.168.1.8,0
14,Ticket_3201,5,debit_card,2025-03-14T09:08:45,192.168.1.15,0
14,Ticket_2751,2,paypal,2025-02-26T09:08:45,192.168.1.20,1
14,Ticket_3345,5,debit_card,2025-03-21T09:08:45,192.168.1.20,0
14,Ticket_1523,10,debit_card,2025-02-22T09:08:45,192.168.1.19,0
14,Ticket_2900,2,debit_card,2025-03-08T09:08:45,192.168.1.6,1
14,Ticket_6188,10,paypal,2025-03-18T09:08:45,192.168.1.9,0
14,Ticket_1350,2,credit_card,2025-03-12T09:08:45,192.168.1.20,0
14,Ticket_7811,7,debit_card,2025-03-08T09:08:45,192.168.1.12,0
14,Ticket_5054,2,paypal,2025-02-25T09:08:45,192.168.1.15,1
14,Ticket_4787,3,paypal,2025-03-03T09:08:45,192.168.1.12,0
14,Ticket_4853,3,debit_card,2025-02-23T09:08:45,192.168.1.8,0
14,Ticket_9973,8,credit_card,2025-03-11T09:08:45,192.168.1.2,0
15,Ticket_4089,10,paypal,2025-03-08T09:08:45,192.168.1.11,1
15,Ticket_6671,5,credit_card,2025-03-03T09:08:45,192.168.1.13,0
15,Ticket_5153,7,debit_card,2025-03-02T09:08:45,192.168.1.8,0
15,Ticket_7473,10,credit_card,2025-03-03T09:08:45,192.168.1.2,0
15,Ticket_5261,6,paypal,2025-03-14T09:08:45,192.168.1.6,1
15,Ticket_3742,1,paypal,2025-02-21T09:08:45,192.168.1.9,0
15,Ticket_8628,1,debit_card,2025-02-28T09:08:45,192.168.1.11,0
15,Ticket_2939,4,debit_card,2025-03-11T09:08:45,192.168.1.10,1
15,Ticket_6552,8,debit_card,2025-02-19T09:08:45,192.168.1.13,0
15,Ticket_4042,4,paypal,2025-02-20T09:08:45,192.168.1.8,0
15,Ticket_5309,5,credit_card,2025-03-02T09:08:45,192.168.1.13,0
15,Ticket_6892,7,credit_card,2025-03-15T09:08:45,192.168.1.11,1
15,Ticket_9054,4,paypal,2025-03-15T09:08:45,192.168.1.14,1
15,Ticket_9776,1,paypal,2025-03-01T09:08:45,192.168.1.1,1
15,Ticket_8046,1,credit_card,2025-02-26T09:08:45,192.168.1.10,0
15,Ticket_9514,2,credit_card,2025-03-02T09:08:45,192.168.1.16,1
15,Ticket_6930,5,paypal,2025-02-20T09:08:45,192.168.1.8,0
15,Ticket_5471,1,debit_card,2025-03-16T09:08:45,192.168.1.18,0
15,Ticket_9203,6,debit_card,2025-03-15T09:08:45,192.168.1.20,0
15,Ticket_5421,9,paypal,2025-03-02T09:08:45,192.168.1.9,1
15,Ticket_9750,4,debit_card,2025-03-21T09:08:45,192.168.1.10,0
15,Ticket_4203,1,credit_card,2025-03-01T09:08:45,192.168.1.1,1
15,Ticket_1405,7,debit_card,2025-03-07T09:08:45,192.168.1.19,1
15,Ticket_5827,3,credit_card,2025-03-20T09:08:45,192.168.1.19,0
15,Ticket_3479,4,debit_card,2025-02-26T09:08:45,192.168.1.4,0
15,Ticket_5460,4,paypal,2025-03-11T09:08:45,192.168.1.15,0
15,Ticket_2020,10,paypal,2025-03-03T09:08:45,192.168.1.13,0
15,Ticket_7533,2,debit_card,2025-02-19T09:08:45,192.168.1.16,0
15,Ticket_3822,2,paypal,2025-03-20T09:08:45,192.168.1.5,0
15,Ticket_1481,1,credit_card,2025-03-21T09:08:45,192.168.1.12,0
15,Ticket_8991,4,debit_card,2025-02-21T09:08:45,192.168.1.17,0
15,Ticket_1322,2,paypal,2025-03-03T09:08:45,192.168.1.12,0
15,Ticket_3465,8,paypal,2025-03-17T09:08:45,192.168.1.10,0
15,Ticket_5522,9,credit_card,2025-03-01T09:08:45,192.168.1.17,0
15,Ticket_9117,1,debit_card,2025-02-23T09:08:45,192.168.1.4,0
15,Ticket_6359,1,paypal,2025-02-20T09:08:45,192.168.1.15,1
15,Ticket_4320,9,debit_card,2025-03-06T09:08:45,192.168.1.5,0
15,Ticket_4050,2,credit_card,2025-03-19T09:08:45,192.168.1.4,0
15,Ticket_4266,5,paypal,2025-02-25T09:08:45,192.168.1.19,1
15,Ticket_8589,7,debit_card,2025-03-09T09:08:45,192.168.1.10,0
16,Ticket_9056,3,credit_card,2025-02-21T09:08:45,192.168.1.4,0
16,Ticket_8522,7,paypal,2025-03-19T09:08:45,192.168.1.5,1
16,Ticket_9953,1,debit_card,2025-03-10T09:08:45,192.168.1.6,0
16,Ticket_9393,3,debit_card,2025-02-22T09:08:45,192.168.1.1,0
16,Ticket_8855,8,debit_card,2025-03-15T09:08:45,192.168.1.14,0
16,Ticket_7436,5,credit_card,2025-02-26T09:08:45,192.168.1.17,0
16,Ticket_1047,7,paypal,2025-02-23T09:08:45,192.168.1.7,0
16,Ticket_1753,2,debit_card,2025-03-04T09:08:45,192.168.1.3,1
16,Ticket_6700,2,debit_card,2025-03-13T09:08:45,192.168.1.20,0
16,Ticket_2604,3,debit_card,2025-03-16T09:08:45,192.168.1.6,1
16,Ticket_2946,5,credit_card,2025-03-21T09:08:45,192.168.1.11,0
16,Ticket_3333,9,credit_card,2025-03-13T09:08:45,192.168.1.2,0
16,Ticket_2999,5,credit_card,2025-02-21T09:08:45,192.168.1.8,0
16,Ticket_7220,10,credit_card,2025-03-20T09:08:45,192.168.1.4,0
16,Ticket_1707,2,paypal,2025-03-21T09:08:45,192.168.1.17,0
16,Ticket_3169,10,debit_card,2025-03-15T09:08:45,192.168.1.2,1
16,Ticket_3967,7,paypal,2025-03-07T09:08:45,192.168.1.17,0
16,Ticket_4590,1,debit_card,2025-02-21T09:08:45,192.168.1.5,1
16,Ticket_4449,10,debit_card,2025-03-20T09:08:45,192.168.1.3,0
16,Ticket_1356,4,credit_card,2025-03-18T09:08:45,192.168.1.11,0
16,Ticket_4416,3,paypal,2025-03-09T09:08:45,192.168.1.1,0
16,Ticket_3054,3,credit_card,2025-03-17T09:08:45,192.168.1.12,0
16,Ticket_6689,9,debit_card,2025-03-07T09:08:45,192.168.1.1,0
16,Ticket_4201,10,credit_card,2025-03-11T09:08:45,192.168.1.8,0
16,Ticket_4037,1,debit_card,2025-03-12T09:08:45,192.168.1.9,0
16,Ticket_3112,1,credit_card,2025-03-04T09:08:45,192.168.1.7,0
16,Ticket_8917,9,paypal,2025-03-12T09:08:45,192.168.1.7,0
16,Ticket_3063,9,credit_card,2025-03-14T09:08:45,192.168.1.10,0
16,Ticket_4858,2,paypal,2025-03-02T09:08:45,192.168.1.16,0
16,Ticket_2341,3,credit_card,2025-02-28T09:08:45,192.168.1.20,0
16,Ticket_6637,7,debit_card,2025-03-13T09:08:45,192.168.1.15,1
16,Ticket_2554,8,debit_card,2025-02-23T09:08:45,192.168.1.3,0
16,Ticket_4996,7,debit_card,2025-02-25T09:08:45,192.168.1.17,0
16,Ticket_7189,5,debit_card,2025-03-01T09:08:45,192.168.1.9,0
16,Ticket_4400,3,paypal,2025-03-16T09:08:45,192.168.1.9,0
16,Ticket_2352,1,credit_card,2025-03-02T09:08:45,192.168.1.3,0
16,Ticket_5780,3,paypal,2025-03-15T09:08:45,192.168.1.3,1
16,Ticket_4181,4,debit_card,2025-02-25T09:08:45,192.168.1.17,0
16,Ticket_2675,8,paypal,2025-03-20T09:08:45,192.168.1.13,0
16,Ticket_3690,2,paypal,2025-03-07T09:08:45,192.168.1.20,1
17,Ticket_4197,2,credit_card,2025-03-06T09:08:45,192.168.1.19,0
17,Ticket_8263,5,credit_card,2025-03-20T09:08:45,192.168.1.9,0
17,Ticket_9432,4,paypal,2025-02-28T09:08:45,192.168.1.5,0
17,Ticket_8794,10,debit_card,2025-03-14T09:08:45,192.168.1.2,1
17,Ticket_8924,6,debit_card,2025-03-19T09:08:45,192.168.1.2,0
17,Ticket_1388,9,debit_card,2025-03-16T09:08:45,192.168.1.7,0
17,Ticket_2215,6,credit_card,2025-03-13T09:08:45,192.168.1.1,0
17,Ticket_7679,1,debit_card,2025-03-16T09:08:45,192.168.1.9,0
17,Ticket_5728,1,credit_card,2025-02-23T09:08:45,192.168.1.12,1
17,Ticket_2859,7,paypal,2025-02-23T09:08:45,192.168.1.19,0
17,Ticket_4309,9,debit_card,2025-02-23T09:08:45,192.168.1.14,0
17,Ticket_1920,6,credit_card,2025-03-05T09:08:45,192.168.1.14,0
17,Ticket_6533,1,paypal,2025-03-20T09:08:45,192.168.1.4,1
17,Ticket_4769,5,paypal,2025-03-07T09:08:45,192.168.1.6,0
17,Ticket_7475,2,debit_card,2025-03-13T09:08:45,192.168.1.20,0
17,Ticket_2218,6,paypal,2025-03-14T09:08:45,192.168.1.8,0
17,Ticket_7041,4,credit_card,2025-03-14T09:08:45,192.168.1.10,0
17,Ticket_5276,6,debit_card,2025-03-03T09:08:45,192.168.1.11,0
17,Ticket_9628,8,credit_card,2025-02-19T09:08:45,192.168.1.1,0
17,Ticket_8701,9,credit_card,2025-03-18T09:08:45,192.168.1.3,0
17,Ticket_6524,5,paypal,2025-02-27T09:08:45,192.168.1.4,0
17,Ticket_9718,8,paypal,2025-03-01T09:08:45,192.168.1.8,1
17,Ticket_1492,8,credit_card,2025-03-13T09:08:45,192.168.1.13,1
17,Ticket_9410,9,debit_card,2025-03-15T09:08:45,192.168.1.6,0
17,Ticket_3908,6,debit_card,2025-02-20T09:08:45,192.168.1.19,0
17,Ticket_8695,9,credit_card,2025-03-01T09:08:45,192.168.1.7,0
17,Ticket_4161,8,credit_card,2025-02-27T09:08:45,192.168.1.9,1
17,Ticket_6565,8,paypal,2025-02-23T09:08:45,192.168.1.3,0
17,Ticket_9637,9,credit_card,2025-03-20T09:08:45,192.168.1.15,0
17,Ticket_4826,1,credit_card,2025-02-23T09:08:45,192.168.1.2,0
17,Ticket_3970,2,debit_card,2025-03-02T09:08:45,192.168.1.10,0
17,Ticket_9664,6,paypal,2025-02-21T09:08:45,192.168.1.9,0
17,Ticket_6285,5,debit_card,2025-03-17T09:08:45,192.168.1.6,0
17,Ticket_2730,5,debit_card,2025-03-11T09:08:45,192.168.1.14,0
17,Ticket_8008,5,debit_card,2025-02-23T09:08:45,192.168.1.17,1
17,Ticket_6668,5,debit_card,2025-02-26T09:08:45,192.168.1.13,0
17,Ticket_5563,1,debit_card,2025-03-18T09:08:45,192.168.1.5,1
17,Ticket_6808,5,paypal,2025-03-11T09:08:45,192.168.1.11,1
17,Ticket_9377,8,debit_card,2025-03-19T09:08:45,192.168.1.13,0
17,Ticket_1619,4,paypal,2025-03-19T09:08:45,192.168.1.16,0
18,Ticket_9514,2,paypal,2025-02-20T09:08:45,192.168.1.1,0
18,Ticket_4564,2,credit_card,2025-03-11T09:08:45,192.168.1.9,0
18,Ticket_8321,7,debit_card,2025-03-21T09:08:45,192.168.1.19,1
18,Ticket_2963,3,credit_card,2025-03-07T09:08:45,192.168.1.12,0
18,Ticket_7161,8,debit_card,2025-03-13T09:08:45,192.168.1.2,0
18,Ticket_3593,9,credit_card,2025-02-21T09:08:45,192.168.1.6,0
18,Ticket_2841,10,paypal,2025-03-15T09:08:45,192.168.1.14,0
18,Ticket_2063,1,credit_card,2025-03-15T09:08:45,192.168.1.5,1
18,Ticket_5000,5,paypal,2025-03-14T09:08:45,192.168.1.2,1
18,Ticket_9898,1,paypal,2025-03-17T09:08:45,192.168.1.12,0
18,Ticket_5215,7,credit_card,2025-03-08T09:08:45,192.168.1.14,0
18,Ticket_7847,3,debit_card,2025-02-19T09:08:45,192.168.1.16,0
18,Ticket_7450,1,debit_card,2025-03-01T09:08:45,192.168.1.11,0
18,Ticket_5207,7,paypal,2025-02-20T09:08:45,192.168.1.16,0
18,Ticket_8160,4,paypal,2025-03-11T09:08:45,192.168.1.19,0
18,Ticket_6326,6,debit_card,2025-03-10T09:08:45,192.168.1.3,0
18,Ticket_3947,8,paypal,2025-03-02T09:08:45,192.168.1.11,0
18,Ticket_2578,6,paypal,2025-02-22T09:08:45,192.168.1.8,1
18,Ticket_2249,1,paypal,2025-03-09T09:08:45,192.168.1.11,0
18,Ticket_4894,7,paypal,2025-03-06T09:08:45,192.168.1.10,0
18,Ticket_5246,9,credit_card,2025-03-12T09:08:45,192.168.1.19,0
18,Ticket_4645,4,paypal,2025-03-03T09:08:45,192.168.1.7,1
18,Ticket_2253,2,paypal,2025-02-21T09:08:45,192.168.1.20,0
18,Ticket_5960,8,paypal,2025-03-15T09:08:45,192.168.1.9,0
18,Ticket_5881,6,credit_card,2025-03-08T09:08:45,192.168.1.16,0
18,Ticket_1342,6,paypal,2025-02-21T09:08:45,192.168.1.9,0
18,Ticket_2326,8,credit_card,2025-03-15T09:08:45,192.168.1.19,0
18,Ticket_2701,3,credit_card,2025-03-05T09:08:45,192.168.1.12,0
18,Ticket_3115,1,debit_card,2025-03-12T09:08:45,192.168.1.6,0
18,Ticket_5304,4,credit_card,2025-03-04T09:08:45,192.168.1.1,1
18,Ticket_5217,9,credit_card,2025-03-10T09:08:45,192.168.1.4,0
18,Ticket_3598,1,credit_card,2025-02-25T09:08:45,192.168.1.11,0
18,Ticket_7495,9,credit_card,2025-02-28T09:08:45,192.168.1.20,0
18,Ticket_1328,9,credit_card,2025-02-27T09:08:45,192.168.1.18,1
18,Ticket_9381,9,debit_card,2025-03-19T09:08:45,192.168.1.4,0
18,Ticket_2560,10,credit_card,2025-03-17T09:08:45,192.168.1.19,1
18,Ticket_4771,3,paypal,2025-02-19T09:08:45,192.168.1.20,1
18,Ticket_8932,4,debit_card,2025-03-09T09:08:45,192.168.1.18,0
18,Ticket_9125,9,paypal,2025-03-02T09:08:45,192.168.1.18,0
18,Ticket_5505,3,paypal,2025-03-08T09:08:45,192.168.1.9,0
19,Ticket_5525,6,credit_card,2025-02-23T09:08:45,192.168.1.13,0
19,Ticket_3662,5,paypal,2025-03-06T09:08:45,192.168.1.16,0
19,Ticket_5179,1,credit_card,2025-03-13T09:08:45,192.168.1.1,0
19,Ticket_7551,2,debit_card,2025-03-03T09:08:45,192.168.1.18,0
19,Ticket_7553,3,paypal,2025-03-20T09:08:45,192.168.1.9,1
19,Ticket_1349,7,credit_card,2025-03-12T09:08:45,192.168.1.3,0
19,Ticket_8110,5,paypal,2025-03-13T09:08:45,192.168.1.17,0
19,Ticket_5735,2,credit_card,2025-03-13T09:08:45,192.168.1.12,0
19,Ticket_5010,4,credit_card,2025-03-16T09:08:45,192.168.1.18,0
19,Ticket_6916,9,paypal,2025-03-20T09:08:45,192.168.1.1,0
19,Ticket_3941,5,credit_card,2025-02-24T09:08:45,192.168.1.17,0
19,Ticket_9117,4,debit_card,2025-02-19T09:08:45,192.168.1.19,1
19,Ticket_4182,2,paypal,2025-03-03T09:08:45,192.168.1.13,1
19,Ticket_9972,10,paypal,2025-03-05T09:08:45,192.168.1.11,1
19,Ticket_1739,2,debit_card,2025-02-26T09:08:45,192.168.1.20,0
19,Ticket_5427,10,credit_card,2025-02-20T09:08:45,192.168.1.16,0
19,Ticket_5990,1,debit_card,2025-03-11T09:08:45,192.168.1.5,0
19,Ticket_5397,3,credit_card,2025-02-21T09:08:45,192.168.1.16,0
19,Ticket_8420,1,paypal,2025-03-08T09:08:45,192.168.1.5,0
19,Ticket_4059,1,debit_card,2025-03-21T09:08:45,192.168.1.11,0
19,Ticket_3301,4,paypal,2025-03-12T09:08:45,192.168.1.9,0
19,Ticket_5277,4,paypal,2025-03-21T09:08:45,192.168.1.13,0
19,Ticket_9346,1,debit_card,2025-03-18T09:08:45,192.168.1.1,1
19,Ticket_3460,4,credit_card,2025-03-01T09:08:45,192.168.1.15,0
19,Ticket_1196,2,debit_card,2025-03-11T09:08:45,192.168.1.6,1
19,Ticket_2112,2,debit_card,2025-03-04T09:08:45,192.168.1.10,0
19,Ticket_6940,5,debit_card,2025-02-28T09:08:45,192.168.1.8,0
19,Ticket_6680,8,credit_card,2025-03-19T09:08:45,192.168.1.2,0
19,Ticket_5413,2,paypal,2025-02-28T09:08:45,192.168.1.16,0
19,Ticket_2928,3,credit_card,2025-03-18T09:08:45,192.168.1.3,0
19,Ticket_8172,9,credit_card,2025-02-28T09:08:45,192.168.1.7,0
19,Ticket_3728,5,paypal,2025-03-01T09:08:45,192.168.1.11,1
19,Ticket_7146,10,paypal,2025-02-28T09:08:45,192.168.1.9,0
19,Ticket_8732,2,paypal,2025-03-06T09:08:45,192.168.1.5,1
19,Ticket_8109,9,paypal,2025-03-17T09:08:45,192.168.1.5,0
19,Ticket_4667,9,debit_card,2025-03-08T09:08:45,192.168.1.18,0
19,Ticket_2471,6,debit_card,2025-03-09T09:08:45,192.168.1.5,0
19,Ticket_5928,4,debit_card,2025-02-28T09:08:45,192.168.1.16,0
19,Ticket_4031,9,paypal,2025-03-17T09:08:45,192.168.1.9,0
19,Ticket_9379,4,paypal,2025-02-28T09:08:45,192.168.1.5,0
20,Ticket_7914,5,credit_card,2025-02-19T09:08:45,192.168.1.1,0
20,Ticket_3011,9,credit_card,2025-02-22T09:08:45,192.168.1.2,0
20,Ticket_6936,10,debit_card,2025-02-21T09:08:45,192.168.1.2,1
20,Ticket_8637,8,credit_card,2025-02-22T09:08:45,192.168.1.18,0
20,Ticket_6251,9,debit_card,2025-02-19T09:08:45,192.168.1.3,1
20,Ticket_2125,5,credit_card,2025-03-19T09:08:45,192.168.1.14,1
20,Ticket_5567,10,paypal,2025-03-17T09:08:45,192.168.1.1,1
20,Ticket_3473,10,paypal,2025-02-26T09:08:45,192.168.1.5,1
20,Ticket_7911,8,debit_card,2025-03-15T09:08:45,192.168.1.1,1
20,Ticket_2959,3,debit_card,2025-02-25T09:08:45,192.168.1.9,0
20,Ticket_6612,9,credit_card,2025-03-18T09:08:45,192.168.1.11,0
20,Ticket_4508,2,paypal,2025-03-01T09:08:45,192.168.1.17,0
20,Ticket_1843,6,credit_card,2025-03-20T09:08:45,192.168.1.7,0
20,Ticket_9149,4,credit_card,2025-02-20T09:08:45,192.168.1.19,0
20,Ticket_8192,4,credit_card,2025-02-23T09:08:45,192.168.1.11,0
20,Ticket_1339,5,credit_card,2025-02-22T09:08:45,192.168.1.4,0
20,Ticket_6240,1,credit_card,2025-02-19T09:08:45,192.168.1.8,0
20,Ticket_5526,1,credit_card,2025-02-20T09:08:45,192.168.1.20,0
20,Ticket_7641,5,credit_card,2025-02-23T09:08:45,192.168.1.17,0
20,Ticket_4785,6,paypal,2025-02-24T09:08:45,192.168.1.11,0
20,Ticket_3380,7,debit_card,2025-03-18T09:08:45,192.168.1.14,0
20,Ticket_6010,6,paypal,2025-02-25T09:08:45,192.168.1.19,0
20,Ticket_2551,9,credit_card,2025-02-25T09:08:45,192.168.1.5,1
20,Ticket_4550,3,debit_card,2025-02-20T09:08:45,192.168.1.20,0
20,Ticket_9039,1,credit_card,2025-03-09T09:08:45,192.168.1.6,1
20,Ticket_6778,6,paypal,2025-02-26T09:08:45,192.168.1.12,0
20,Ticket_7948,9,paypal,2025-02-25T09:08:45,192.168.1.5,1
20,Ticket_4706,5,paypal,2025-03-09T09:08:45,192.168.1.20,0
20,Ticket_3717,8,paypal,2025-03-10T09:08:45,192.168.1.1,0
20,Ticket_9197,6,paypal,2025-03-05T09:08:45,192.168.1.17,0
20,Ticket_5041,2,credit_card,2025-03-18T09:08:45,192.168.1.16,0
20,Ticket_6361,4,paypal,2025-03-20T09:08:45,192.168.1.2,0
20,Ticket_8755,1,debit_card,2025-03-19T09:08:45,192.168.1.19,0
20,Ticket_8630,4,debit_card,2025-02-22T09:08:45,192.168.1.2,0
20,Ticket_2195,6,debit_card,2025-02-19T09:08:45,192.168.1.18,0
20,Ticket_7150,6,paypal,2025-03-10T09:08:45,192.168.1.18,1
20,Ticket_4957,4,paypal,2025-03-18T09:08:45,192.168.1.16,1
20,Ticket_2884,5,credit_card,2025-03-07T09:08:45,192.168.1.10,1
20,Ticket_4255,2,paypal,2025-03-19T09:08:45,192.168.1.15,1
20,Ticket_4999,7,credit_card,2025-02-24T09:08:45,192.168.1.15,0
21,Ticket_6805,9,credit_card,2025-03-20T09:08:45,192.168.1.13,0
21,Ticket_5864,2,credit_card,2025-03-04T09:08:45,192.168.1.12,1
21,Ticket_2735,5,credit_card,2025-02-28T09:08:45,192.168.1.20,0
21,Ticket_8912,7,paypal,2025-03-10T09:08:45,192.168.1.9,0
21,Ticket_9908,10,credit_card,2025-02-22T09:08:45,192.168.1.17,1
21,Ticket_9120,1,debit_card,2025-03-12T09:08:45,192.168.1.17,0
21,Ticket_7761,2,debit_card,2025-03-09T09:08:45,192.168.1.14,0
21,Ticket_8317,9,paypal,2025-03-15T09:08:45,192.168.1.10,0
21,Ticket_3542,7,credit_card,2025-03-13T09:08:45,192.168.1.5,0
21,Ticket_3996,1,credit_card,2025-03-06T09:08:45,192.168.1.16,0
21,Ticket_6710,3,credit_card,2025-03-02T09:08:45,192.168.1.17,0
21,Ticket_7853,3,paypal,2025-03-13T09:08:45,192.168.1.19,0
21,Ticket_8660,2,debit_card,2025-02-23T09:08:45,192.168.1.18,0
21,Ticket_6305,6,debit_card,2025-03-21T09:08:45,192.168.1.18,0
21,Ticket_7370,6,paypal,2025-03-03T09:08:45,192.168.1.11,0
21,Ticket_1425,5,paypal,2025-03-19T09:08:45,192.168.1.14,0
21,Ticket_1869,10,paypal,2025-03-14T09:08:45,192.168.1.18,0
21,Ticket_3952,9,paypal,2025-03-01T09:08:45,192.168.1.3,1
21,Ticket_8594,5,credit_card,2025-03-02T09:08:45,192.168.1.10,0
21,Ticket_8436,7,debit_card,2025-03-19T09:08:45,192.168.1.14,0
21,Ticket_3338,1,paypal,2025-02-27T09:08:45,192.168.1.4,0
21,Ticket_6430,7,credit_card,2025-03-15T09:08:45,192.168.1.3,0
21,Ticket_8284,6,paypal,2025-03-21T09:08:45,192.168.1.1,0
21,Ticket_9523,2,paypal,2025-02-24T09:08:45,192.168.1.19,0
21,Ticket_4138,4,debit_card,2025-03-08T09:08:45,192.168.1.12,0
21,Ticket_3893,3,paypal,2025-03-11T09:08:45,192.168.1.10,1
21,Ticket_8694,6,paypal,2025-03-06T09:08:45,192.168.1.1,1
21,Ticket_2924,8,paypal,2025-02-22T09:08:45,192.168.1.10,0
21,Ticket_2645,9,credit_card,2025-02-20T09:08:45,192.168.1.10,0
21,Ticket_2584,6,paypal,2025-02-25T09:08:45,192.168.1.1,0
21,Ticket_4303,6,debit_card,2025-03-18T09:08:45,192.168.1.12,0
21,Ticket_6616,9,debit_card,2025-02-20T09:08:45,192.168.1.3,0
21,Ticket_7879,10,paypal,2025-03-08T09:08:45,192.168.1.6,0
21,Ticket_7327,2,debit_card,2025-03-07T09:08:45,192.168.1.7,1
21,Ticket_6597,3,debit_card,2025-03-05T09:08:45,192.168.1.9,0
21,Ticket_4110,5,credit_card,2025-03-03T09:08:45,192.168.1.6,1
21,Ticket_1532,8,debit_card,2025-03-15T09:08:45,192.168.1.7,0
21,Ticket_6576,7,debit_card,2025-02-23T09:08:45,192.168.1.13,0
21,Ticket_1545,9,debit_card,2025-03-19T09:08:45,192.168.1.17,1
21,Ticket_2085,2,paypal,2025-03-10T09:08:45,192.168.1.19,0
22,Ticket_6927,5,debit_card,2025-03-19T09:08:45,192.168.1.17,0
22,Ticket_2752,2,credit_card,2025-02-27T09:08:45,192.168.1.18,0
22,Ticket_5172,2,credit_card,2025-02-20T09:08:45,192.168.1.2,1
22,Ticket_3522,7,paypal,2025-03-17T09:08:45,192.168.1.7,0
22,Ticket_9794,1,debit_card,2025-03-16T09:08:45,192.168.1.7,0
22,Ticket_1683,5,paypal,2025-02-27T09:08:45,192.168.1.4,0
22,Ticket_6424,1,credit_card,2025-03-21T09:08:45,192.168.1.14,0
22,Ticket_9502,4,credit_card,2025-02-24T09:08:45,192.168.1.1,1
22,Ticket_3693,8,paypal,2025-02-22T09:08:45,192.168.1.8,0
22,Ticket_2229,6,credit_card,2025-03-18T09:08:45,192.168.1.6,0
22,Ticket_6408,7,debit_card,2025-03-05T09:08:45,192.168.1.1,0
22,Ticket_7609,2,credit_card,2025-02-19T09:08:45,192.168.1.11,0
22,Ticket_4911,5,credit_card,2025-03-08T09:08:45,192.168.1.12,1
22,Ticket_1179,3,paypal,2025-03-03T09:08:45,192.168.1.12,0
22,Ticket_5848,6,paypal,2025-03-14T09:08:45,192.168.1.17,0
22,Ticket_4026,4,debit_card,2025-03-04T09:08:45,192.168.1.6,1
22,Ticket_6940,10,debit_card,2025-03-19T09:08:45,192.168.1.2,1
22,Ticket_3256,7,paypal,2025-03-21T09:08:45,192.168.1.15,1
22,Ticket_5262,1,paypal,2025-03-03T09:08:45,192.168.1.2,1
22,Ticket_3476,9,debit_card,2025-03-04T09:08:45,192.168.1.1,0
22,Ticket_9039,3,credit_card,2025-02-20T09:08:45,192.168.1.12,0
22,Ticket_4375,10,credit_card,2025-03-15T09:08:45,192.168.1.16,0
22,Ticket_7693,4,credit_card,2025-03-01T09:08:45,192.168.1.20,0
22,Ticket_1392,8,credit_card,2025-03-09T09:08:45,192.168.1.8,0
22,Ticket_4665,8,credit_card,2025-03-09T09:08:45,192.168.1.8,0
22,Ticket_8827,4,paypal,2025-03-03T09:08:45,192.168.1.15,0
22,Ticket_9119,10,debit_card,2025-03-18T09:08:45,192.168.1.14,1
22,Ticket_4066,10,debit_card,2025-03-14T09:08:45,192.168.1.4,0
22,Ticket_6084,2,credit_card,2025-03-05T09:08:45,192.168.1.14,0
22,Ticket_6986,5,debit_card,2025-03-19T09:08:45,192.168.1.15,1
22,Ticket_9470,4,credit_card,2025-02-26T09:08:45,192.168.1.9,0
22,Ticket_7404,2,paypal,2025-02-25T09:08:45,192.168.1.10,0
22,Ticket_1781,3,credit_card,2025-03-04T09:08:45,192.168.1.18,0
22,Ticket_5138,6,paypal,2025-03-03T09:08:45,192.168.1.15,0
22,Ticket_4291,2,paypal,2025-02-21T09:08:45,192.168.1.3,0
22,Ticket_7309,7,credit_card,2025-02-24T09:08:45,192.168.1.20,0
22,Ticket_1072,7,debit_card,2025-02-26T09:08:45,192.168.1.11,0
22,Ticket_9535,7,debit_card,2025-02-28T09:08:45,192.168.1.11,0
22,Ticket_6587,3,credit_card,2025-03-01T09:08:45,192.168.1.5,0
22,Ticket_8656,6,paypal,2025-02-27T09:08:45,192.168.1.7,0
23,Ticket_1653,10,credit_card,2025-03-07T09:08:45,192.168.1.11,0
23,Ticket_5386,8,debit_card,2025-03-16T09:08:45,192.168.1.3,0
23,Ticket_9199,2,debit_card,2025-02-27T09:08:45,192.168.1.7,0
23,Ticket_3296,5,credit_card,2025-03-05T09:08:45,192.168.1.20,0
23,Ticket_6400,1,paypal,2025-03-18T09:08:45,192.168.1.9,0
23,Ticket_1077,4,credit_card,2025-03-13T09:08:45,192.168.1.13,0
23,Ticket_8217,1,paypal,2025-02-23T09:08:45,192.168.1.18,0
23,Ticket_6527,4,paypal,2025-03-15T09:08:45,192.168.1.5,0
23,Ticket_3649,6,credit_card,2025-02-25T09:08:45,192.168.1.5,0
23,Ticket_7017,10,debit_card,2025-02-25T09:08:45,192.168.1.4,1
23,Ticket_1004,10,credit_card,2025-03-09T09:08:45,192.168.1.17,0
23,Ticket_4107,4,credit_card,2025-03-07T09:08:45,192.168.1.18,0
23,Ticket_9668,8,debit_card,2025-02-22T09:08:45,192.168.1.2,0
23,Ticket_3879,7,paypal,2025-02-27T09:08:45,192.168.1.6,1
23,Ticket_3283,7,debit_card,2025-03-01T09:08:45,192.168.1.18,0
23,Ticket_4931,7,paypal,2025-02-21T09:08:45,192.168.1.2,0
23,Ticket_3281,6,paypal,2025-03-21T09:08:45,192.168.1.10,0
23,Ticket_4456,8,paypal,2025-03-01T09:08:45,192.168.1.10,1
23,Ticket_7129,7,debit_card,2025-03-20T09:08:45,192.168.1.1,1
23,Ticket_4144,10,paypal,2025-03-02T09:08:45,192.168.1.5,0
23,Ticket_9037,10,paypal,2025-02-27T09:08:45,192.168.1.11,0
23,Ticket_8171,8,credit_card,2025-03-16T09:08:45,192.168.1.7,0
23,Ticket_1995,3,credit_card,2025-03-10T09:08:45,192.168.1.13,0
23,Ticket_4461,9,paypal,2025-03-13T09:08:45,192.168.1.4,1
23,Ticket_6363,8,credit_card,2025-03-05T09:08:45,192.168.1.20,0
23,Ticket_6583,2,paypal,2025-03-08T09:08:45,192.168.1.4,0
23,Ticket_9708,3,paypal,2025-03-15T09:08:45,192.168.1.7,0
23,Ticket_8997,10,debit_card,2025-03-19T09:08:45,192.168.1.2,0
23,Ticket_3208,5,credit_card,2025-03-13T09:08:45,192.168.1.10,1
23,Ticket_1773,10,paypal,2025-03-01T09:08:45,192.168.1.18,0
23,Ticket_6506,8,credit_card,2025-02-28T09:08:45,192.168.1.16,0
23,Ticket_4185,3,debit_card,2025-02-20T09:08:45,192.168.1.8,0
23,Ticket_2576,10,debit_card,2025-03-07T09:08:45,192.168.1.6,0
23,Ticket_7176,7,paypal,2025-03-08T09:08:45,192.168.1.17,0
23,Ticket_6367,6,debit_card,2025-02-19T09:08:45,192.168.1.13,0
23,Ticket_3909,3,credit_card,2025-03-04T09:08:45,192.168.1.16,0
23,Ticket_3187,7,debit_card,2025-02-28T09:08:45,192.168.1.4,0
23,Ticket_1120,10,debit_card,2025-03-10T09:08:45,192.168.1.17,0
23,Ticket_3387,2,credit_card,2025-02-21T09:08:45,192.168.1.14,0
23,Ticket_2294,9,credit_card,2025-03-03T09:08:45,192.168.1.19,0
24,Ticket_2378,5,debit_card,2025-03-10T09:08:45,192.168.1.14,1
24,Ticket_3987,4,paypal,2025-02-28T09:08:45,192.168.1.12,1
24,Ticket_5073,9,paypal,2025-02-27T09:08:45,192.168.1.9,0
24,Ticket_8266,3,credit_card,2025-02-27T09:08:45,192.168.1.12,1
24,Ticket_5356,8,paypal,2025-03-12T09:08:45,192.168.1.18,1
24,Ticket_2562,10,credit_card,2025-02-23T09:08:45,192.168.1.6,0
24,Ticket_2647,10,credit_card,2025-02-25T09:08:45,192.168.1.18,0
24,Ticket_3564,5,credit_card,2025-03-12T09:08:45,192.168.1.8,1
24,Ticket_7863,10,debit_card,2025-03-14T09:08:45,192.168.1.11,0
24,Ticket_5070,7,paypal,2025-03-15T09:08:45,192.168.1.8,1
24,Ticket_3167,2,debit_card,2025-03-01T09:08:45,192.168.1.15,1
24,Ticket_9591,10,debit_card,2025-02-23T09:08:45,192.168.1.16,0
24,Ticket_4487,9,credit_card,2025-03-17T09:08:45,192.168.1.7,1
24,Ticket_7682,4,paypal,2025-03-04T09:08:45,192.168.1.9,0
24,Ticket_6079,4,debit_card,2025-03-20T09:08:45,192.168.1.13,1
24,Ticket_5335,4,credit_card,2025-02-23T09:08:45,192.168.1.20,0
24,Ticket_5938,3,debit_card,2025-03-14T09:08:45,192.168.1.6,0
24,Ticket_6368,9,paypal,2025-02-19T09:08:45,192.168.1.15,0
24,Ticket_5255,1,debit_card,2025-03-20T09:08:45,192.168.1.17,0
24,Ticket_7827,6,paypal,2025-03-18T09:08:45,192.168.1.17,0
24,Ticket_7041,4,credit_card,2025-02-25T09:08:45,192.168.1.18,0
24,Ticket_5887,5,paypal,2025-03-19T09:08:45,192.168.1.6,0
24,Ticket_1669,5,credit_card,2025-03-11T09:08:45,192.168.1.15,0
24,Ticket_5848,2,debit_card,2025-02-23T09:08:45,192.168.1.16,0
24,Ticket_8467,8,debit_card,2025-03-18T09:08:45,192.168.1.6,0
24,Ticket_9100,3,debit_card,2025-02-26T09:08:45,192.168.1.10,1
24,Ticket_9858,2,credit_card,2025-03-10T09:08:45,192.168.1.1,1
24,Ticket_3715,10,debit_card,2025-03-07T09:08:45,192.168.1.6,1
24,Ticket_7555,2,debit_card,2025-03-01T09:08:45,192.168.1.7,0
24,Ticket_7998,3,paypal,2025-02-25T09:08:45,192.168.1.2,0
24,Ticket_8816,9,credit_card,2025-02-19T09:08:45,192.168.1.15,0
24,Ticket_7835,4,credit_card,2025-02-24T09:08:45,192.168.1.19,0
24,Ticket_3658,3,credit_card,2025-03-01T09:08:45,192.168.1.9,0
24,Ticket_4817,8,paypal,2025-03-01T09:08:45,192.168.1.4,1
24,Ticket_8443,6,credit_card,2025-02-25T09:08:45,192.168.1.17,0
24,Ticket_4252,6,paypal,2025-02-25T09:08:45,192.168.1.17,0
24,Ticket_1540,1,debit_card,2025-02-28T09:08:45,192.168.1.15,0
24,Ticket_1628,9,debit_card,2025-02-19T09:08:45,192.168.1.20,0
24,Ticket_9654,4,paypal,2025-03-01T09:08:45,192.168.1.15,0
24,Ticket_5427,2,paypal,2025-02-23T09:08:45,192.168.1.20,0
25,Ticket_3542,4,paypal,2025-02-20T09:08:45,192.168.1.12,1
25,Ticket_4279,4,credit_card,2025-03-09T09:08:45,192.168.1.3,0
25,Ticket_5367,1,credit_card,2025-03-11T09:08:45,192.168.1.9,0
25,Ticket_8763,4,paypal,2025-03-20T09:08:45,192.168.1.9,0
25,Ticket_8148,10,credit_card,2025-03-16T09:08:45,192.168.1.10,0
25,Ticket_9343,3,credit_card,2025-03-21T09:08:45,192.168.1.7,0
25,Ticket_2684,3,credit_card,2025-02-23T09:08:45,192.168.1.3,0
25,Ticket_9902,9,credit_card,2025-03-20T09:08:45,192.168.1.15,0
25,Ticket_8434,1,paypal,2025-03-15T09:08:45,192.168.1.1,1
25,Ticket_6254,5,debit_card,2025-03-04T09:08:45,192.168.1.9,0
25,Ticket_7712,3,credit_card,2025-02-24T09:08:45,192.168.1.11,0
25,Ticket_8683,3,credit_card,2025-03-10T09:08:45,192.168.1.8,0
25,Ticket_6627,8,credit_card,2025-03-11T09:08:45,192.168.1.19,0
25,Ticket_6360,10,paypal,2025-03-13T09:08:45,192.168.1.5,0
25,Ticket_7601,2,credit_card,2025-02-20T09:08:45,192.168.1.5,0
25,Ticket_6183,5,credit_card,2025-03-08T09:08:45,192.168.1.1,0
25,Ticket_6660,9,paypal,2025-03-08T09:08:45,192.168.1.19,0
25,Ticket_8135,1,debit_card,2025-03-11T09:08:45,192.168.1.10,0
25,Ticket_6746,10,paypal,2025-03-14T09:08:45,192.168.1.14,0
25,Ticket_5282,6,paypal,2025-03-16T09:08:45,192.168.1.15,0
25,Ticket_5157,1,paypal,2025-03-18T09:08:45,192.168.1.14,0
25,Ticket_4281,8,debit_card,2025-03-03T09:08:45,192.168.1.13,0
25,Ticket_6157,9,paypal,2025-02-27T09:08:45,192.168.1.2,0
25,Ticket_3206,4,paypal,2025-03-05T09:08:45,192.168.1.6,0
25,Ticket_1612,2,debit_card,2025-03-04T09:08:45,192.168.1.3,1
25,Ticket_6270,1,debit_card,2025-03-13T09:08:45,192.168.1.18,0
25,Ticket_8925,1,debit_card,2025-03-20T09:08:45,192.168.1.15,0
25,Ticket_5453,8,debit_card,2025-02-23T09:08:45,192.168.1.15,0
25,Ticket_3336,2,credit_card,2025-02-26T09:08:45,192.168.1.13,0
25,Ticket_7938,10,credit_card,2025-03-05T09:08:45,192.168.1.7,0
25,Ticket_9704,4,debit_card,2025-03-16T09:08:45,192.168.1.11,0
25,Ticket_5932,10,debit_card,2025-02-24T09:08:45,192.168.1.16,0
25,Ticket_6268,7,debit_card,2025-03-05T09:08:45,192.168.1.3,0
25,Ticket_8356,6,credit_card,2025-03-17T09:08:45,192.168.1.2,1
25,Ticket_3876,1,paypal,2025-03-12T09:08:45,192.168.1.14,0
25,Ticket_4139,9,credit_card,2025-03-15T09:08:45,192.168.1.14,0
25,Ticket_5339,8,paypal,2025-03-08T09:08:45,192.168.1.18,0
25,Ticket_2345,4,debit_card,2025-02-19T09:08:45,192.168.1.5,0
25,Ticket_9944,2,credit_card,2025-02-22T09:08:45,192.168.1.10,1
25,Ticket_3474,10,credit_card,2025-03-21T09:08:45,192.168.1.1,1
